,Hop Name,Scraping Status,Purpose:,Country:,International Code:,Ownership:,Flavor & Aroma Profile,Alpha Acid % (AA),Beta Acid %,Alpha-Beta Ratio,Co-Humulone as % of Alpha,Total Oils (mL/100g),›  Myrcene,›  Humulene,›  Caryophyllene,›  Farnesene,›  All Others,Cultivar/Brand ID:,Hop Storage Index (HSI)
0,Astra,True,Dual,Australia (AUS),AST,™ Ellerslie Hop Estate,"['#tropical_fruit', '#sweet', '#peach', '#white_wine', '#melon', '#grassy', '#grapefruit', '#honey']",7-10%8.5% avg,4-6%5% avg,1:1 - 3:12:1 avg,26-28%27% avg,1-3 mL2mL avg,Unknown,6-8%7% avg,Unknown,Unknown,92-94%,,
1,Eclipse,True,Dual,Australia (AUS),,® HPA,"['#citrus', '#pine', '#mandarin']",15.7-19%17.4% avg,5.9-9.0%7.5% avg,2:1 - 3:12:1 avg,33-37%35% avg,1.8-2.7 mL2.3mL avg,35-49%42% avg,0-2%1% avg,6-12%9% avg.,0-1%0.5% avg,36-59%,HPA 016,
2,Ella,True,Dual,Australia (AUS),ELL,™ Hop Products Australia (HPA),"['#floral', '#spicy', '#grapefruit', '#tropical_fruit', '#noble', '#anise']",13.3-19.2%16.3% avg,4-7.8%5.9% avg,2:1 - 5:13:1 avg,33-40%36.5% avg,2.4-3.4 mL2.9mL avg,34-50%42% avg,15-22%18.5% avg,5-18%11.5% avg.,12-14%13% avg,0-34%,01-220-060,
3,Enigma,True,Aroma,Australia (AUS),ENI,™ Hop Products Australia (HPA),"['#tropical_fruit', '#berry', '#stone_fruit', '#raspberry', '#redcurrant', '#white_wine']",13.5-19.4%16.5% avg,4.5-7.1%5.8% avg,2:1 - 4:13:1 avg,37-43%40% avg,1.8-3 mL2.4mL avg,23-30%26.5% avg,12-19%15.5% avg,6-8%7% avg.,9-12%10.5% avg,31-50%,02-016-008,30% (Good) 0.295
4,Feux-Coeur Francais,True,Bittering,Australia (AUS),,,,12-16%14% avg,3.1-6%4.6% avg,2:1 - 5:14:1 avg,Unknown,Unknown,,,,,,,
5,Galaxy,True,Dual,Australia (AUS),GXY,™ HPA,"['#passion_fruit', '#citrus', '#peach', '#pineapple', '#tropical_fruit', '#cannabis', '#dank']",11-16%13.5% avg,5-9%7% avg,1:1 - 3:12:1 avg,32-42%37% avg,1.8-5.0 mL3.4mL avg,33-69%51% avg,1-2%1.5% avg,7-13%10% avg.,3-5%4% avg,11-56%,94-203-008,
6,Helga,True,Aroma,Australia (AUS),,™ Hop Products Australia (HPA),['#noble'],5.4-7.3%6.4% avg,5-7%6% avg,1:1 - 1:11:1 avg,20-23%21.5% avg,0.6-1 mL0.8mL avg,1-13%7% avg,35-55%45% avg,10-45%27.5% avg.,0-1%0.5% avg,0-54%,A-86-29,
7,HPA-016,True,Aroma,Australia (AUS),,,"['#mandarin', '#citrus', '#pine', '#fruity']",15.7-18.7%17.2% avg,5.9-9.0%7.5% avg,2:1 - 3:12:1 avg,33-37%35% avg,1.7-1.9 mL1.8mL avg,35-49%42% avg,0-2%1% avg,6-12%9% avg.,0-1%0.5% avg,36-59%,HPA-016,
8,Melba,True,Aroma,Australia (AUS),MEL,™ Ellerslie Hop Estate,"['#passion_fruit', '#grapefruit', '#citrus', '#spicy']",7-10%8.5% avg,2.5-5%3.8% avg,1:1 - 4:13:1 avg,25-35%30% avg,2.0-4.0 mL3mL avg,,,,,,,
9,Pride of Ringwood,True,Bittering,Australia (AUS),POR,,"['#cedar', '#oak', '#herbal']",7-11%9% avg,4-8%6% avg,1:1 - 3:12:1 avg,26-39%32.5% avg,1.21 mL1.2mL avg,24-41%32.5% avg,2-4%3% avg,9-14%11.5% avg.,0-1%0.5% avg,40-65%,,
10,Summer,True,Aroma,Australia (AUS),,™ Hop Products Australia (HPA),"['#apricot', '#melon', '#grassy', '#citrus', '#stone_fruit', '#passion_fruit', '#peach']",5.6-6.4%6% avg,4.8-6.1%5.5% avg,1:1 - 1:11:1 avg,20-25%22.5% avg,1.4-2 mL1.7mL avg,29-38%33.5% avg,28-50%39% avg,8-11%9.5% avg.,0-1%0.5% avg,0-35%,,
11,Super Pride,True,Dual,Australia (AUS),SUP,,"['#resin', '#fruity', '#mild']",12.5-16.3%14.4% avg,4.5-8%6.3% avg,2:1 - 4:13:1 avg,25-50%37.5% avg,3-4 mL3.5mL avg,34-42%38% avg,1-2%1.5% avg,5-9%7% avg.,0-1%0.5% avg,46-60%,,
12,Sylva,True,Aroma,Australia (AUS),,,"['#floral', '#bohemian', '#hoppy', '#woody']",4-7.3%5.7% avg,3-7%5% avg,1:1 - 2:12:1 avg,20-28%24% avg,0.9-1.4 mL1.2mL avg,26-36%31% avg,18-27%22.5% avg,5-8%6.5% avg.,22-28%25% avg,1-29%,,
13,Topaz,True,Dual,Australia (AUS),TOP,™ Hop Products Australia (HPA),"['#lychee', '#clove', '#resin', '#grassy', '#tropical_fruit', '#pine', '#passion_fruit']",13.7-20.1%16.9% avg,4.9-7.9%6.4% avg,2:1 - 4:13:1 avg,47-53%50% avg,1.3-2.2 mL1.8mL avg,18-56%37% avg,8-16%12% avg,6-13%9.5% avg.,0-1%0.5% avg,14-68%,TC-85-70,
14,Vic Secret,True,Dual,Australia (AUS),VIS,™ HPA,"['#tropical_fruit', '#pineapple', '#pine', '#passion_fruit', '#herbal', '#earthy']",14-21.8%17.9% avg,5.7-8.7%7.2% avg,2:1 - 4:13:1 avg,51-57%54% avg,1.9-2.8 mL2.4mL avg,31-46%38.5% avg,9-21%15% avg,9-15%12% avg.,0-1%0.5% avg,17-51%,00-207-013,
15,Vienna Gold,True,Dual,Australia (AUS),,,"['#noble', '#fruity', '#passion_fruit']",6-10%8% avg,Unknown,,Unknown,Unknown,,,,,,,
16,Canadian Redvine,True,Aroma,Canada (CAN),21679,,"['#cherry', '#berry', '#pine', '#grapefruit']",5-6%5.5% avg,5-6%5.5% avg,1:1 - 1:11:1 avg,47%47% avg,Unknown,69-71%70% avg,1-3%2% avg,1-3%2% avg.,4-7%5.5% avg,16-25%,,20% (Great) 0.20
17,Lumberjack,True,Dual,Canada (CAN),,™ BC Hop Co.,"['#melon', '#citrus', '#spices', '#clove', '#allspice', '#bitter', '#earthy']",9-12%10.5% avg,Unknown,,Unknown,Unknown,,,,,,,
18,Sasquatch,True,Dual,Canada (CAN),,® Hops Connect,"['#tangerine', '#lemon', '#floral', '#orange', '#mint', '#citrus']",6.6-9%7.8% avg,8.2%8.2% avg,INF:1 - 1:1INF:1 avg,34-35%34.5% avg,0.8 mL0.8mL avg,60-61%60.5% avg,13-14%13.5% avg,5-6%5.5% avg.,8-9%8.5% avg,10-14%,,
19,Wild Loyalist,True,Aroma,Canada (CAN),,,"['#herbal', '#spicy', '#earthy', '#floral', '#noble']",3.7-5.6%4.7% avg,4.7-6.7%5.7% avg,1:1 - 1:11:1 avg,Unknown,Unknown,,,,,,,
20,Marco Polo,True,Dual,China (CN),MCP,,"['#gooseberry', '#oregano', '#elderflower']",12-13%12.5% avg,4.5-5.5%5% avg,2:1 - 3:13:1 avg,30-35%32.5% avg,1.1 mL1.1mL avg,40-50%45% avg,15-25%20% avg,8-12%10% avg.,0-1%0.5% avg,12-37%,,
21,Tsingdao Flower,True,Dual,China (CN),,,"['#earthy', '#lemon', '#melon', '#citrus']",6-8%7% avg,3.0-4.2%3.6% avg,1:1 - 3:12:1 avg,35%35% avg,0.4-0.8 mL0.6mL avg,,,,,,,
22,Agnus,True,Bittering,Czech Replublic (CZH),AGN,,"['#lavender', '#leather', '#tobacco', '#citrus', '#spicy']",9-14%11.5% avg,4-6.5%5.3% avg,1:1 - 4:12:1 avg,29-38%33.5% avg,2-3 mL2.5mL avg,40-55%47.5% avg,15-20%17.5% avg,Unknown,0-1%0.5% avg,24-45%,4587,
23,Amethyst,True,Aroma,Czech Replublic (CZH),,,"['#citrus', '#earthy', '#spicy']",3.5-6%4.8% avg,7-8%7.5% avg,0:1 - 1:11:1 avg,20-28%24% avg,0.4-1.0 mL0.7mL avg,41-43%42% avg,18-20%19% avg,5-7%6% avg.,0-1%0.5% avg,29-36%,,
24,Bohemie,True,Aroma,Czech Replublic (CZH),BOH,,"['#herbal', '#floral', '#citrus', '#spicy']",5-8%6.5% avg,6-9%7.5% avg,1:1 - 1:11:1 avg,23-26%24.5% avg,1-1.5 mL1.3mL avg,30-45%37.5% avg,17-23%20% avg,7-10%8.5% avg.,1-3%2% avg,19-45%,4837,
25,Boomerang,True,Dual,Czech Replublic (CZH),BOO,,"['#spicy', '#citrus']",10-14%12% avg,5-10%7.5% avg,1:1 - 3:12:1 avg,27-32%29.5% avg,1.5-3.0 mL2.3mL avg,30-53%41.5% avg,17-24%20.5% avg,7-11%9% avg.,0-1%0.5% avg,11-46%,4914,
26,Bor,True,Dual,Czech Replublic (CZH),,,"['#spicy', '#pine']",6-9%7.5% avg,3.0-5.5%4.3% avg,1:1 - 3:12:1 avg,23-26%24.5% avg,1-2 mL1.5mL avg,,,,,,,
27,Gaia,True,Bittering,Czech Replublic (CZH),GAA,,"['#hoppy', '#spicy']",12-15%13.5% avg,5-10%7.5% avg,1:1 - 3:12:1 avg,20-29%24.5% avg,1.5-2.5 mL2mL avg,23-37%30% avg,2-4%3% avg,9-12%10.5% avg.,5-7%6% avg,40-61%,4849,
28,Harmonie,True,Aroma,Czech Replublic (CZH),HRM,,"['#banana', '#caramel', '#green_tea', '#apricot']",4-8%6% avg,5-8%6.5% avg,1:1 - 2:11:1 avg,19-22%20.5% avg,0.9-1.4 mL1.2mL avg,30-40%35% avg,10-20%15% avg,6-11%8.5% avg.,0-1%0.5% avg,28-54%,4353,
29,Kazbek,True,Aroma,Czech Replublic (CZH),KAZ,,"['#spicy', '#lemon']",5-8%6.5% avg,4-6%5% avg,1:1 - 2:11:1 avg,35-40%37.5% avg,0.9-1.8 mL1.4mL avg,40-55%47.5% avg,20-35%27.5% avg,10-15%12.5% avg.,0-1%0.5% avg,0-30%,,
30,Mimosa,True,Aroma,Czech Replublic (CZH),MIM,,,1.9-4.8%3.4% avg,4.3-8.4%6.4% avg,0:1 - 1:11:1 avg,21-34%27.5% avg,0.5-1.2 mL0.9mL avg,16-42%29% avg,3-12%7.5% avg,5-8%6.5% avg.,0-3.5%1.8% avg,34.5-76%,5227,
31,Premiant,True,Bittering,Czech Replublic (CZH),PRE,,['#neutral'],7-9%8% avg,3.5-6.5%5% avg,1:1 - 3:12:1 avg,18-23%20.5% avg,1-2 mL1.5mL avg,35-50%42.5% avg,20-40%30% avg,8-13%10.5% avg.,1-3%2% avg,0-36%,Sm 73/3060,
32,Saaz (CZ),True,Aroma,Czech Replublic (CZH),SAZ,,"['#earthy', '#herbal', '#floral', '#mild', '#noble']",2-5%3.5% avg,4-8%6% avg,0:1 - 1:11:1 avg,23-26%24.5% avg,0.4-1 mL0.7mL avg,25-40%32.5% avg,15-30%22.5% avg,6-9%7.5% avg.,14-20%17% avg,1-40%,,50% (Poor) 0.45-0.55
33,Saaz Late,True,Aroma,Czech Replublic (CZH),SAL,,"['#earthy', '#herbal', '#floral']",3.5-6%4.8% avg,4-6.5%5.3% avg,1:1 - 2:11:1 avg,20-25%22.5% avg,0.5-1.0 mL0.8mL avg,25-35%30% avg,15-25%20% avg,6-9%7.5% avg.,15-20%17.5% avg,11-39%,4237,
34,Sládek,True,Aroma,Czech Replublic (CZH),SLD,,"['#noble', '#fruity', '#peach', '#passion_fruit', '#grapefruit']",4.5-9%6.8% avg,4-11%7.5% avg,0:1 - 2:11:1 avg,23-40%31.5% avg,0.8-2 mL1.4mL avg,35-50%42.5% avg,20-40%30% avg,9-14%11.5% avg.,0-1%0.5% avg,0-36%,VÚCH-71,
35,Vital,True,Dual,Czech Replublic (CZH),VIT,,"['#plum', '#lavender', '#spicy', '#licorice']",9-16%12.5% avg,6-11%8.5% avg,1:1 - 3:12:1 avg,21-26%23.5% avg,1.1-2.5 mL1.8mL avg,40-60%50% avg,2-5%3.5% avg,5-8%6.5% avg.,1-3%2% avg,24-52%,4715,
36,Aramis,True,Aroma,France (FR),ARS,™ Hops France,"['#green', '#herbal', '#spicy', '#citrus', '#grassy', '#black_pepper', '#floral']",5.5-8.3%6.9% avg,3-4.5%3.8% avg,1:1 - 3:12:1 avg,20-42%31% avg,1.2-1.6 mL1.4mL avg,38-41%39.5% avg,19-22%20.5% avg,2-8%5% avg.,2-4%3% avg,25-39%,P 05-9,
37,Barbe Rouge,True,Aroma,France (FR),BBR,™ Hops France,"['#citrus', '#kumquat', '#orange', '#lime', '#redcurrant', '#strawberry', '#raspberry', '#floral', '#berry', '#herbal']",3.8-10%6.9% avg,3.3-4.6%4% avg,1:1 - 3:12:1 avg,24-28%26% avg,1.1-3.0 mL2.1mL avg,35-60%47.5% avg,15-25%20% avg,2-4%3% avg.,0-4%2% avg,7-48%,P 09-2,
38,Bouclier,True,Aroma,France (FR),BCL,™ Hops France,"['#herbal', '#grassy', '#spicy', '#citrus']",3.8-8.5%6.2% avg,2.4-3.3%2.9% avg,1:1 - 4:12:1 avg,42-47%44.5% avg,1.1-1.6 mL1.4mL avg,37-39%38% avg,33-35%34% avg,3-4%3.5% avg.,Unknown,22-27%,P 08-6,
39,Elixir,True,Aroma,France (FR),EXR,™ Hop France,"['#rose', '#cognac', '#leather', '#tobacco', '#citrus', '#tropical_fruit', '#tangerine', '#orange', '#floral', '#sandalwood', '#spicy']",4.6-7%5.8% avg,4.5-6.6%5.6% avg,1:1 - 2:11:1 avg,25-30%27.5% avg,1.8-2.2 mL2mL avg,65-75%70% avg,1-2%1.5% avg,26-27%26.5% avg.,0-1%0.5% avg,0-8%,P 13-13,
40,Mistral,True,Dual,France (FR),MTL,™ Hops France,"['#citrus', '#floral', '#melon', '#grapes', '#wine', '#pear', '#passion_fruit', '#kumquat', '#mango']",6.5-8.5%7.5% avg,3.1-3.8%3.5% avg,2:1 - 3:12:1 avg,29-39%34% avg,1-1.5 mL1.3mL avg,59-65%62% avg,9-13%11% avg,3-4%3.5% avg.,2-4%3% avg,14-27%,GS 26,
41,Petit Blanc,True,Aroma,France (FR),PBC,,"['#cherry', '#melon', '#papaya', '#green_tea', '#lilac']",2-4%3% avg,5-6%5.5% avg,0:1 - 1:11:1 avg,15%15% avg,0.5-0.8 mL0.7mL avg,,,,,,,
42,Strisselspalt,True,Aroma,France (FR),FSP,,"['#spicy', '#floral', '#citrus', '#herbal']",1-4%2.5% avg,3-6%4.5% avg,0:1 - 1:11:1 avg,20-27%23.5% avg,0.6-0.8 mL0.7mL avg,35-52%43.5% avg,13-21%17% avg,8-10%9% avg.,0-1%0.5% avg,16-44%,,
43,Tardif de Bourgogne,True,Aroma,France (FR),TDB,,"['#floral', '#redberry', '#green_tea', '#noble', '#incense', '#pine', '#rose', '#lavender']",2.2-5.3%3.8% avg,3.1-5.8%4.5% avg,0:1 - 2:11:1 avg,20%20% avg,0.4-0.9 mL0.7mL avg,,,,,,,
44,Triskel,True,Aroma,France (FR),TKL,™ Hops France,"['#floral', '#sweet_fruit', '#caramel', '#fruity', '#citrus']",3-9%6% avg,4-5.5%4.8% avg,1:1 - 2:11:1 avg,20-23%21.5% avg,1.2-2 mL1.6mL avg,55-61%58% avg,10-16%13% avg,2-3%2.5% avg.,0-1%0.5% avg,19-33%,P 09-18 ,
45,Akoya,True,Aroma,Germany (GER),AKO,™ Hopsteiner,"['#tea', '#spicy', '#green_fruit', '#pepper']",9-10%9.5% avg,4-5%4.5% avg,2:1 - 3:12:1 avg,27-30%28.5% avg,1.5-2.0 mL1.8mL avg,,,,,,#99/268,
46,Ariana,True,Aroma,Germany (GER),ANA,,"['#citrus', '#tangerine', '#passion_fruit', '#pineapple', '#jasmine', '#herbal', '#fruity', '#gooseberry']",9-13%11% avg,4.5-6%5.3% avg,2:1 - 3:12:1 avg,40-42%41% avg,1.6-2.4 mL2mL avg,57-59%58% avg,Unknown,Unknown,Unknown,41-43%,2010/72/20,
47,Aurum,True,Aroma,Germany (GER),AUR,,"['#spicy', '#fruity', '#floral', '#mild', '#herbal', '#earthy', '#citrus', '#noble']",3.5-5.7%4.6% avg,3.1%3.1% avg,INF:1 - 2:1INF:1 avg,20-23%21.5% avg,0.5-1.7 mL1.1mL avg,,,,,,96/1/24,
48,Brewer's Gold (GR),True,Bittering,Germany (GER),BGO,,"['#black_currant', '#spicy']",4.5-7.8%6.2% avg,2.9-3.7%3.3% avg,1:1 - 3:12:1 avg,39-48%43.5% avg,0.8-2.2 mL1.5mL avg,40-50%45% avg,29-31%30% avg,7-8%7.5% avg.,0-1%0.5% avg,10-24%,C9a,26% (Good) 0.258
49,Callista,True,Aroma,Germany (GER),CAL,,"['#pear', '#caramel', '#passion_fruit', '#orange', '#apricot', '#peach', '#pine', '#blackberry', '#strawberry']",2-5%3.5% avg,5-10%7.5% avg,0:1 - 1:11:1 avg,15-22%18.5% avg,0.7-2.1 mL1.4mL avg,63-64%63.5% avg,Unknown,Unknown,Unknown,36-37%,2010/8/33,
50,Diamant,True,Aroma,Germany (GER),DNT,,"['#fennel', '#lavender', '#citrus']",7-7.5%7.3% avg,Unknown,,18-20%19% avg,1.5-1.7 mL1.6mL avg,,,,,,,
51,Hallertau Blanc,True,Aroma,Germany (GER),HBC,™ Hop Research Center Hüll,"['#pineapple', '#gooseberry', '#white_wine', '#grapes', '#lemongrass', '#passion_fruit', '#clean', '#sauvignon_blanc']",9-12%10.5% avg,4.0-7.0%5.5% avg,1:1 - 3:12:1 avg,22-35%28.5% avg,0.8-2.2   mL1.5mL avg,50-75%62.5% avg,0-3%1.5% avg,0-2%1% avg.,0-1%0.5% avg,19-50%,2007/19/8,
52,Hallertau Gold,True,Aroma,Germany (GER),HGO,,,7-10%8.5% avg,5-7%6% avg,1:1 - 2:12:1 avg,20%20% avg,1.7-1.8 mL1.8mL avg,62-64%63% avg,16-18%17% avg,4-5%4.5% avg.,0-1%0.5% avg,12-18%,64/14/235,
53,Hallertau Mittelfrüh,True,Aroma,Germany (GER),HAL,,"['#spicy', '#floral', '#citrus', '#grassy', '#tea']",3-5.5%4.3% avg,3-5%4% avg,1:1 - 2:11:1 avg,18-28%23% avg,0.7-1.3 mL1mL avg,15-16%15.5% avg,55-56%55.5% avg,14-15%14.5% avg.,0-1%0.5% avg,12-16%,,
54,Hallertau Tradition,True,Aroma,Germany (GER),HTR,,"['#earthy', '#grassy', '#nectar', '#fruity', '#noble']",4.6-7%5.8% avg,3-6%4.5% avg,1:1 - 2:12:1 avg,23-30%26.5% avg,0.5-1.9 mL1.2mL avg,17-32%24.5% avg,35-50%42.5% avg,10-15%12.5% avg.,0-1%0.5% avg,2-38%,78/28/16,
55,Herkules,True,Bittering,Germany (GER),HKS,,"['#citrus', '#melon']",12-17%14.5% avg,4-5.5%4.8% avg,2:1 - 4:13:1 avg,32-38%35% avg,1.4-2.4 mL1.9mL avg,30-50%40% avg,30-45%37.5% avg,7-12%9.5% avg.,0-1%0.5% avg,0-33%,95/94/816,
56,Hersbrucker,True,Aroma,Germany (GER),HEB,,"['#noble', '#hay', '#orange', '#tobacco']",1.5-5%3.3% avg,2.5-6%4.3% avg,0:1 - 2:11:1 avg,17-25%21% avg,0.5-1.3  mL0.9mL avg,15-30%22.5% avg,20-30%25% avg,8-13%10.5% avg.,0-1%0.5% avg,26-57%,,40% (Poor) 0.35-0.45
57,Huell Melon,True,Aroma,Germany (GER),HMN,Hop Research Center in Hüll (EU-PVR),"['#melon', '#strawberry', '#honeydew', '#fruity', '#sweet', '#orange', '#vanilla']",6.9-8%7.5% avg,6-8%7% avg,1:1 - 1:11:1 avg,25-30%27.5% avg,0.8-1.2 mL1mL avg,35-37%36% avg,10-20%15% avg,5-10%7.5% avg.,0-1%0.5% avg,32-50%,2009/2/706,
58,Hüller Bitterer,True,Bittering,Germany (GER),HUB,,['#bitter'],4.5-7%5.8% avg,4.5-5.5%5% avg,1:1 - 2:11:1 avg,26-31%28.5% avg,1-1.5 mL1.3mL avg,28-51%39.5% avg,9-21%15% avg,5-8%6.5% avg.,0-1%0.5% avg,19-58%,58/56/11,
59,Magnum (GR),True,Bittering,Germany (GER),HMG,,"['#apple', '#black_pepper', '#clean', '#citrus', '#clean', '#floral', '#fruity']",11-16%13.5% avg,4.5-7%5.8% avg,2:1 - 4:13:1 avg,21-29%25% avg,1.6-2.6 mL2.1mL avg,30-45%37.5% avg,30-45%37.5% avg,8-12%10% avg.,0-1%0.5% avg,0-32%,85/59/3,18% (Great) 0.15-0.20
60,Mandarina Bavaria,True,Dual,Germany (GER),MBA,Hop Research Center in Hüll (EU-PVR),"['#tangerine', '#lemon', '#citrus', '#resin', '#herbal', '#tropical_fruit']",7-10.5%8.8% avg,4.0-7.0%5.5% avg,1:1 - 3:12:1 avg,31-35%33% avg,1.3-2.2  mL1.8mL avg,70-72%71% avg,5-15%10% avg,1-5%3% avg.,0-1%0.5% avg,7-24%,2007/18/13,
61,Merkur,True,Dual,Germany (GER),HMR,,"['#sugar', '#pineapple', '#mint', '#citrus', '#earthy']",12-16.2%14.1% avg,4.5-7.3%5.9% avg,2:1 - 4:13:1 avg,17-20%18.5% avg,2-3 mL2.5mL avg,45-50%47.5% avg,28-32%30% avg,8-10%9% avg.,0-1%0.5% avg,7-19%,93/10/12,
62,Monroe,True,Aroma,Germany (GER),MON,,"['#mild', '#smooth', '#strawberry', '#cherry', '#plum', '#passion_fruit', '#raspberry', '#orange', '#raspberry']",2.5-2.9%2.7% avg,6.5-7.5%7% avg,0:1 - 0:10:1 avg,Unknown,0.95-1.0 mL1mL avg,,,,,,,25% (Good) 0.252
63,Northern Brewer (GR),True,Bittering,Germany (GER),NBR,,"['#mint', '#grassy', '#pine']",6-10%8% avg,3-5%4% avg,1:1 - 3:12:1 avg,27-33%30% avg,1-2.1 mL1.6mL avg,25-45%35% avg,35-50%42.5% avg,10-20%15% avg.,0-1%0.5% avg,0-30%,WFB 135,
64,Opal,True,Dual,Germany (GER),OPL,,"['#black_pepper', '#citrus', '#spicy', '#floral', '#herbal', '#anise']",5-14%9.5% avg,3.5-5.5%4.5% avg,1:1 - 4:12:1 avg,13-34%23.5% avg,0.8-1.3 mL1.1mL avg,20-45%32.5% avg,30-50%40% avg,8-15%11.5% avg.,0-1%0.5% avg,0-42%,87/24/56,
65,Orion,True,Dual,Germany (GER),,,['#spicy'],6-9%7.5% avg,2.5-5.75%4.1% avg,1:1 - 4:12:1 avg,25-30%27.5% avg,0.8-2.1  mL1.5mL avg,41-56%48.5% avg,16-26%21% avg,6-13%9.5% avg.,0-1%0.5% avg,4-37%,,
66,Perle (GR),True,Aroma,Germany (GER),PER,,"['#floral', '#fruity', '#mint', '#stone_fruit', '#herbal', '#earthy', '#slightly_spicy']",4-9%6.5% avg,2.5-5%3.8% avg,1:1 - 4:12:1 avg,29-35%32% avg,0.5-2.5 mL1.5mL avg,20-35%27.5% avg,35-55%45% avg,10-20%15% avg.,0-1%0.5% avg,0-35%,66/13/13,
67,Polaris,True,Dual,Germany (GER),PLA,,"['#mint', '#menthol', '#pineapple']",18-23%20.5% avg,4.5-6.5%5.5% avg,3:1 - 5:14:1 avg,22-29%25.5% avg,4-5   mL4.5mL avg,49-51%50% avg,20-35%27.5% avg,8-13%10.5% avg.,0-1%0.5% avg,0-23%,2000/109/728,
68,Relax,True,Aroma,Germany (GER),RLX,,"['#honeydew', '#melon', '#cognac', '#lychee', '#lavender', '#leather', '#hibiscus', '#lemongrass']",0.3-4%2.2% avg,10-15%12.5% avg,0:1 - 0:10:1 avg,Unknown,1-1.3 mL1.2mL avg,17-30%23.5% avg,Unknown,Unknown,Unknown,70-83%,97/25/7,
69,Saphir,True,Aroma,Germany (GER),SIR,,"['#spicy', '#fruity', '#floral', '#tangerine']",2-4.5%3.3% avg,4-7%5.5% avg,0:1 - 1:11:1 avg,12-17%14.5% avg,0.8-1.4  mL1.1mL avg,25-40%32.5% avg,20-30%25% avg,9-14%11.5% avg.,0-1%0.5% avg,15-46%,85/27/20,
70,Smaragd,True,Bittering,Germany (GER),SGD,,"['#floral', '#fruity', '#spicy', '#tobacco', '#anise', '#clove', '#noble']",4-6%5% avg,3.5-5.5%4.5% avg,1:1 - 2:11:1 avg,13-18%15.5% avg,0.4-0.8 mL0.6mL avg,20-40%30% avg,30-50%40% avg,9-14%11.5% avg.,0-1%0.5% avg,0-41%,87/24/55,
71,Solero,True,Aroma,Germany (GER),SOL,™ Hopsteiner,"['#tropical_fruit', '#mango', '#passion_fruit']",9-10%9.5% avg,5-6%5.5% avg,2:1 - 2:12:1 avg,35-45%40% avg,1.5-2.0 mL1.8mL avg,,,,,,#243/42,
72,Spalt,True,Aroma,Germany (GER),SPA,,"['#noble', '#earthy', '#herbal', '#floral']",2.5-5.7%4.1% avg,3-5%4% avg,1:1 - 2:11:1 avg,22-29%25.5% avg,0.5-0.9 mL0.7mL avg,20-35%27.5% avg,20-30%25% avg,8-13%10.5% avg.,12-18%15% avg,4-40%,,
73,Spalter Select,True,Aroma,Germany (GER),SSE,,"['#spicy', '#grassy']",3-6.5%4.8% avg,2.5-5%3.8% avg,1:1 - 3:12:1 avg,21-27%24% avg,0.5-0.9 mL0.7mL avg,20-40%30% avg,10-22%16% avg,4-10%7% avg.,15-22%18.5% avg,6-51%,78/3/34,
74,Tettnanger,True,Dual,Germany (GER),TET,,"['#spicy', '#floral', '#pepper', '#black_tea']",2.5-5.8%4.2% avg,2.8-5.3%4.1% avg,0:1 - 2:11:1 avg,22-28%25% avg,0.4-1.1 mL0.8mL avg,40-41%40.5% avg,20-21%20.5% avg,6-7%6.5% avg.,11-12%11.5% avg,19-23%,,
75,Wurttemberg,True,Aroma,Germany (GER),,,"['#lime', '#citrus', '#floral', '#pine', '#oregano', '#woody']",3.8%3.8% avg,3.1%3.1% avg,,Unknown,0.5-1.0 mL0.8mL avg,,,,,,,
76,Yellow Sub,True,Aroma,Germany (GER),,BarthHaas Hop Creation,"['#sweet', '#citrus', '#red_berry', '#apricot', '#orange', '#blackberry']",6.2-7.2%6.7% avg,Unknown,,Unknown,1.4 mL1.4mL avg,,,,,,,
77,Golden Star,True,Aroma,Japan (JP),GST,,,5.4%5.4% avg,4.6%4.6% avg,,50%50% avg,0.63 mL0.6mL avg,Unknown,Unknown,Unknown,Unknown,100-100%,,36% (Fair) 0.36
78,Sorachi Ace,True,Dual,Japan (JP),SOR,,"['#lemon', '#dill', '#woody', '#tobacco', '#citrus', '#herbal']",11-16%13.5% avg,6-8%7% avg,1:1 - 3:12:1 avg,23-28%25.5% avg,1.0-3 mL2mL avg,45-55%50% avg,20-26%23% avg,7-11%9% avg.,2-5%3.5% avg,3-26%,,28% (Good) 0.275
79,Toyomidori,True,Bittering,Japan (JP),JTY,,"['#mild', '#fruity', '#tobacco', '#green_tea']",11-13%12% avg,5-6%5.5% avg,2:1 - 3:12:1 avg,40%40% avg,0.8-1.2 mL1mL avg,58-60%59% avg,9-12%10.5% avg,4-5%4.5% avg.,0-1%0.5% avg,22-29%,,37% (Fair) 0.37
80,Brooklyn,True,Dual,New Zealand (NZ),,,"['#grapefruit', '#tropical_fruit', '#passion_fruit', '#spicy', '#hay']",17.5-19.5%18.5% avg,8-10%9% avg,2:1 - 2:12:1 avg,26%26% avg,1.7 mL1.7mL avg,,,,,,,
81,Dr. Rudi,True,Dual,New Zealand (NZ),DRU,"™ NZ Hops, Ltd.","['#resin', '#pine', '#lemongrass']",10-12%11% avg,7-8.5%7.8% avg,1:1 - 2:11:1 avg,36-39%37.5% avg,1.3-1.6 mL1.5mL avg,28-30%29% avg,33-34%33.5% avg,9-11%10% avg.,0-1%0.5% avg,24-30%,,
82,Green Bullet,True,Dual,New Zealand (NZ),GBU,,"['#pine', '#black_pepper', '#plum', '#resin', '#dried_fruit', '#floral']",11-15%13% avg,6.5-7.0%6.8% avg,2:1 - 2:12:1 avg,38-43%40.5% avg,1.0-1.4  mL1.2mL avg,37-39%38% avg,28-29%28.5% avg,9-10%9.5% avg.,0-1%0.5% avg,21-26%,,
83,HORT9909,True,Dual,New Zealand (NZ),,New Zealand Hops Ltd.,"['#lime', '#hay', '#sweet', '#spicy', '#citrus', '#lemon', '#noble', '#black_pepper', '#pine']",6-10%8% avg,3-4%3.5% avg,2:1 - 3:12:1 avg,27-29%28% avg,1.9 mL1.9mL avg,49-51%50% avg,11-13%12% avg,4-5%4.5% avg.,0-1%0.5% avg,30-36%,HORT9909,
84,Kohatu,True,Dual,New Zealand (NZ),KHT,"® New Zealand Hops, Ltd.",['#tropical_fruit'],6-7%6.5% avg,4.0-6.0%5% avg,1:1 - 2:11:1 avg,21-23%22% avg,1.0-1.5   mL1.3mL avg,35-37%36% avg,36-37%36.5% avg,11-12%11.5% avg.,0-1%0.5% avg,13-18%,HORT3829,
85,Motueka,True,Dual,New Zealand (NZ),MKA,™ NZ Hops Ltd.,"['#citrus', '#mojito', '#lime', '#lemon', '#tropical_fruit', '#floral']",5-8.5%6.8% avg,5.0-5.5%5.3% avg,1:1 - 2:11:1 avg,25-35%30% avg,0.8-1.0  mL0.9mL avg,47-48%47.5% avg,3-4%3.5% avg,1-3%2% avg.,12-13%12.5% avg,32-37%,87.14-20,35% (Fair) 0.3-0.4
86,Moutere,True,Dual,New Zealand (NZ),MTE,,"['#tropical_fruit', '#grapefruit', '#passion_fruit', '#hay', '#earthy', '#pine']",17.5-19.5%18.5% avg,8-10%9% avg,2:1 - 2:12:1 avg,24-28%26% avg,1.5-1.9 mL1.7mL avg,22-23%22.5% avg,15-16%15.5% avg,5-6%5.5% avg.,0-1%0.5% avg,54-58%,HORT0605,
87,Nectaron,True,Aroma,New Zealand (NZ),,"™ NZ Hops, Ltd.","['#tropical_fruit', '#citrus', '#pineapple', '#passion_fruit', '#peach', '#grapefruit', '#nectar']",9.5-12%10.8% avg,4.5-5.0%4.8% avg,2:1 - 3:12:1 avg,26-28%27% avg,1.0-1.7 mL1.4mL avg,59-65%62% avg,10-20%15% avg,4-5%4.5% avg.,0-1%0.5% avg,9-27%,HORT4337,
88,Nelson Sauvin,True,Aroma,New Zealand (NZ),NSN,™ NZ Hops Ltd.,"['#white_wine', '#fruity', '#gooseberry', '#grapes', '#sauvignon_blanc']",11.3-13%12.2% avg,6.0-8.0%7% avg,1:1 - 2:12:1 avg,20-25%22.5% avg,0.9-1.2  mL1.1mL avg,20-24%22% avg,36-37%36.5% avg,10-11%10.5% avg.,0-1%0.5% avg,27-34%,85-03-06,
89,Pacific Gem,True,Bittering,New Zealand (NZ),PGE,,"['#black_pepper', '#berry', '#blackberry', '#floral', '#oak', '#pine']",13-15%14% avg,7.0-9.0%8% avg,1:1 - 2:12:1 avg,37-40%38.5% avg,1.0-1.3  mL1.2mL avg,33-34%33.5% avg,29-30%29.5% avg,10-12%11% avg.,0-1%0.5% avg,23-28%,,22% (Great) 0.22
90,Pacific Jade,True,Dual,New Zealand (NZ),PJA,"™ NZ Hops, Ltd.","['#citrus', '#spicy', '#herbal', '#black_pepper']",12-14%13% avg,7.0-8.0%7.5% avg,2:1 - 2:12:1 avg,23-25%24% avg,1.1-1.5  mL1.3mL avg,33-34%33.5% avg,32-33%32.5% avg,10-11%10.5% avg.,0-1%0.5% avg,21-25%,HORT1524,
91,Pacific Sunrise,True,Bittering,New Zealand (NZ),,™ NZ Hops Ltd.,"['#woody', '#pine', '#lemon', '#orange', '#mango', '#melon', '#floral']",12.5-14.5%13.5% avg,5-7%6% avg,2:1 - 3:12:1 avg,27-30%28.5% avg,1.5-2.5 mL2mL avg,45-55%50% avg,20-24%22% avg,6-8%7% avg.,0-1%0.5% avg,12-29%,,
92,Pacifica,True,Aroma,New Zealand (NZ),PCA,"™ NZ Hops, Ltd.","['#citrus', '#orange', '#floral', '#marmalade', '#hay', '#honey', '#tangy', '#zest']",5-6%5.5% avg,5.0-6.0%5.5% avg,1:1 - 1:11:1 avg,24-26%25% avg,0.9-1.2  mL1.1mL avg,10-15%12.5% avg,45-55%50% avg,14-18%16% avg.,0-1%0.5% avg,11-31%,77-01,23% (Fair) 0.231
93,Rakau,True,Dual,New Zealand (NZ),RKU,"™ NZ Hops, Ltd.","['#stone_fruit', '#fig', '#fruity', '#apricot', '#pine', '#resin']",9-12%10.5% avg,5.0-6.0%5.5% avg,2:1 - 2:12:1 avg,23-25%24% avg,1.8-2.2  mL2mL avg,55-57%56% avg,16-17%16.5% avg,5-6%5.5% avg.,4-5%4.5% avg,15-20%,70-4-9,
94,Riwaka,True,Aroma,New Zealand (NZ),RWA,™ NZ Hops Ltd.,"['#tropical_fruit', '#passion_fruit', '#grapefruit', '#citrus']",4.5-6.5%5.5% avg,4-5%4.5% avg,1:1 - 2:11:1 avg,29-38%33.5% avg,0.8-1.5 mL1.2mL avg,67-70%68.5% avg,8-10%9% avg,2-6%4% avg.,0-1%0.5% avg,13-23%,SaazD or 85.6-23,
95,Smooth Cone,True,Dual,New Zealand (NZ),,,,7-9.5%8.3% avg,3.4-5.2%4.3% avg,1:1 - 3:12:1 avg,31%31% avg,0.4-1.14 mL0.8mL avg,54-56%55% avg,20-22%21% avg,5-7%6% avg.,0-1%0.5% avg,14-21%,,35% (Fair) 0.30-0.40
96,Southern Cross,True,Dual,New Zealand (NZ),SOX,,"['#lemon', '#lime', '#pine', '#spicy', '#citrus', '#tropical_fruit', '#zest']",11-14%12.5% avg,5-7%6% avg,2:1 - 3:12:1 avg,25-28%26.5% avg,1.2-1.8  mL1.5mL avg,31-33%32% avg,20-21%20.5% avg,6-7%6.5% avg.,7-8%7.5% avg,31-36%,77-60,
97,Sticklebract,True,Dual,New Zealand (NZ),SBR,,"['#pine', '#citrus']",12-15%13.5% avg,6-8.5%7.3% avg,1:1 - 3:12:1 avg,35-45%40% avg,0.75-1.8 mL1.3mL avg,14-64%39% avg,7-26%16.5% avg,3-13%8% avg.,4-7%5.5% avg,0-72%,,
98,Taiheke,True,Dual,New Zealand (NZ),,"® NZ Hops, Ltd.","['#citrus', '#tropical_fruit', '#grapefruit', '#lemon', '#lime', '#floral', '#spicy']",5-9%7% avg,5-5.5%5.3% avg,1:1 - 2:11:1 avg,33-40%36.5% avg,1.0-1.5 mL1.3mL avg,50-60%55% avg,10-20%15% avg,5-10%7.5% avg.,0-5%2.5% avg,5-35%,USDA 56013,
99,Wai-iti,True,Aroma,New Zealand (NZ),WTI,"™ NZ Hops, Ltd.","['#stone_fruit', '#peach', '#apricot', '#citrus', '#lime', '#mandarin', '#spicy']",2.5-3.5%3% avg,4.5-5.5%5% avg,0:1 - 1:11:1 avg,22-24%23% avg,1.4-1.8  mL1.6mL avg,2-4%3% avg,27-29%28% avg,8-10%9% avg.,12-14%13% avg,43-51%,HORT7709 ,
100,Waimea,True,Dual,New Zealand (NZ),WAI,"™ NZ Hops, Ltd.","['#pine', '#citrus', '#mandarin', '#herbal', '#tangerine']",14.5-19%16.8% avg,7.0-9.0%8% avg,2:1 - 3:12:1 avg,22-24%23% avg,1.8-2.3  mL2.1mL avg,59-61%60% avg,9-10%9.5% avg,2-3%2.5% avg.,4-6%5% avg,20-26%,HORT3953 ,
101,Wakatu,True,Dual,New Zealand (NZ),WKT,"™ NZ Hops, Ltd.","['#floral', '#lime', '#tropical_fruit', '#zest']",6.5-8.5%7.5% avg,8.0-8.5%8.3% avg,1:1 - 1:11:1 avg,28-30%29% avg,0.9-1.2   mL1.1mL avg,35-36%35.5% avg,16-17%16.5% avg,8-9%8.5% avg.,6-7%6.5% avg,31-35%,77-05,
102,Junga,True,Bittering,Poland (POL),,,"['#earthy', '#spicy', '#fruity', '#grapefruit', '#black_currant']",10-14%12% avg,5-8%6.5% avg,1:1 - 3:12:1 avg,29-34%31.5% avg,1.5-2.6 mL2.1mL avg,,,,,,,
103,Limbus,True,Aroma,Poland (POL),,,,3-5.5%4.3% avg,2.5-3.5%3% avg,1:1 - 2:12:1 avg,25-35%30% avg,1.1-1.5 mL1.3mL avg,,,,,,,
104,Lubelska,True,Aroma,Poland (POL),LUB,,"['#spicy', '#floral', '#magnolia', '#lavender']",3-5%4% avg,2.5-4%3.3% avg,1:1 - 2:11:1 avg,22-28%25% avg,0.5-1.2 mL0.9mL avg,22-35%28.5% avg,30-40%35% avg,6-11%8.5% avg.,10-14%12% avg,0-32%,,
105,Magnat,True,Dual,Poland (POL),MGN,,"['#lilac', '#floral', '#chamomile', '#woody', '#citrus', '#lemon']",11-16%13.5% avg,2.8-7%4.9% avg,2:1 - 6:14:1 avg,21-25%23% avg,1-2 mL1.5mL avg,30-59%44.5% avg,18-20%19% avg,7-8%7.5% avg.,0-1%0.5% avg,12-45%,4/34,
106,Marynka,True,Dual,Poland (POL),MAR,,"['#hay', '#licorice', '#lemon', '#grapefruit', '#anise', '#earthy', '#herbal', '#citrus']",7.5-12%9.8% avg,10-13%11.5% avg,1:1 - 1:11:1 avg,26-33%29.5% avg,1.8-3.3 mL2.6mL avg,28-31%29.5% avg,33-36%34.5% avg,Unknown,103%103% avg,33--64%,PCU 480,
107,Pulawski,True,Dual,Poland (POL),,IUNG Institute,"['#white_grape', '#spice', '#clove', '#papaya', '#lemon', '#herbal']",8-11%9.5% avg,3-4%3.5% avg,2:1 - 4:13:1 avg,26-30%28% avg,2.1 mL2.1mL avg,38-39%38.5% avg,24-25%24.5% avg,11-13%12% avg.,Unknown,23-27%,,
108,Sybilla,True,Aroma,Poland (POL),SYB,,"['#floral', '#lemon', '#pine', '#citrus', '#orange', '#ginger', '#chocolate', '#tobacco']",6-8%7% avg,3-12%7.5% avg,1:1 - 3:12:1 avg,26-31%28.5% avg,1.2-2.2 mL1.7mL avg,28-50%39% avg,40-45%42.5% avg,Unknown,6-9%7.5% avg,0-26%,PCU 688,
109,Zula,True,Dual,Poland (POL),ZUL,,"['#clean', '#citrus', '#tropical_fruit', '#fruity']",8-14%11% avg,3.8-7%5.4% avg,1:1 - 4:12:1 avg,30%30% avg,1.1-2.0 mL1.6mL avg,,,,,,,
110,Apolon,True,Dual,Slovenia (SLO),,,,10-12%11% avg,4%4% avg,INF:1 - 3:1INF:1 avg,2.25%2.3% avg,1.3-1.6 mL1.5mL avg,62-64%63% avg,25-27%26% avg,3-5%4% avg.,11-12%11.5% avg,0--1%,,43% (Poor) 0.43
111,Atlas,True,Dual,Slovenia (SLO),,,"['#floral', '#lime', '#pine']",5-11%8% avg,4-4%4% avg,1:1 - 3:12:1 avg,36-38%37% avg,1.3-1.6 mL1.5mL avg,58-59%58.5% avg,8-10%9% avg,3-5%4% avg.,13-14%13.5% avg,12-18%,,
112,Aurora,True,Dual,Slovenia (SLO),SSA,,"['#floral', '#spicy', '#lemongrass', '#noble']",7-13%10% avg,2.7-5%3.9% avg,1:1 - 5:13:1 avg,20-26%23% avg,0.9-1.8 mL1.4mL avg,20-25%22.5% avg,20-25%22.5% avg,6-9%7.5% avg.,5-10%7.5% avg,31-49%,"12/61,HUL005",28% (Good) 0.25-0.30
113,Bobek,True,Bittering,Slovenia (SLO),SGB,,"['#pine', '#floral']",3.5-9.3%6.4% avg,4-6.6%5.3% avg,1:1 - 2:11:1 avg,26-31%28.5% avg,0.7-4 mL2.4mL avg,30-45%37.5% avg,13-19%16% avg,4-6%5% avg.,4-7%5.5% avg,23-49%,HUL007,
114,Cekin,True,Aroma,Slovenia (SLO),,,['#mild'],6-8%7% avg,2-3%2.5% avg,2:1 - 4:13:1 avg,20-27%23.5% avg,0.65-1.5 mL1.1mL avg,47-48%47.5% avg,16-17%16.5% avg,6-7%6.5% avg.,7-8%7.5% avg,20-24%,,25% (Good) 0.22-0.27
115,Celeia,True,Aroma,Slovenia (SLO),SGC,,"['#noble', '#floral', '#lavender', '#spicy', '#earthy', '#herbal']",3-6%4.5% avg,2-4%3% avg,1:1 - 3:12:1 avg,25-29%27% avg,0.6-3.6 mL2.1mL avg,26-35%30.5% avg,18-23%20.5% avg,8-9%8.5% avg.,3-7%5% avg,26-45%,HUL010,
116,Dana,True,Dual,Slovenia (SLO),DAN,,"['#floral', '#citrus', '#pine']",7.2-13%10.1% avg,2.7-6%4.4% avg,1:1 - 5:13:1 avg,22-31%26.5% avg,0.9-1.6 mL1.3mL avg,35-53%44% avg,20-27%23.5% avg,4-8%6% avg.,6-9%7.5% avg,3-35%,279/112,
117,Styrian Cardinal,True,Aroma,Slovenia (SLO),CAR,,"['#citrus', '#gooseberry', '#pineapple', '#orange', '#lime', '#jasmine', '#guava']",8-15%11.5% avg,3.2-4.6%3.9% avg,2:1 - 5:13:1 avg,31-37%34% avg,3.0-4.0 mL3.5mL avg,40-50%45% avg,15-22%18.5% avg,8-11%9.5% avg.,5-7%6% avg,10-32%,"30/96,HUL034",
118,Styrian Dragon,True,Aroma,Slovenia (SLO),,,"['#floral', '#citrus', '#grapefruit', '#lemon', '#berry', '#rose', '#tropical_fruit']",6-11%8.5% avg,7.5-8.5%8% avg,1:1 - 1:11:1 avg,23-24%23.5% avg,1.5-2.1 mL1.8mL avg,58-63%60.5% avg,22-33%27.5% avg,12-16%14% avg.,0-1%0.5% avg,0-8%,,
119,Styrian Eagle,True,Dual,Slovenia (SLO),,™ Slovenian Institute of Hop Research,"['#berry', '#banana', '#pine', '#black_pepper', '#peach']",12.5-17.5%15% avg,3.5-5.5%4.5% avg,2:1 - 5:14:1 avg,20-23%21.5% avg,2.5-4.6 mL3.6mL avg,52-60%56% avg,0-2.5%1.3% avg,4-7%5.5% avg.,6-10%8% avg,20.5-38%,HUL030,
120,Styrian Fox,True,Dual,Slovenia (SLO),FOX,,"['#black_currant', '#lemongrass', '#marjoram', '#elderflower', '#tropical_fruit', '#pineapple', '#pine', '#citrus', '#honey']",5.7-12%8.9% avg,2.1-4%3.1% avg,1:1 - 6:14:1 avg,26-30%28% avg,0.4-1.7 mL1.1mL avg,50-60%55% avg,12-14%13% avg,4-6%5% avg.,0-1%0.5% avg,19-34%,102/44,
121,Styrian Golding,True,Aroma,Slovenia (SLO),SSG,,"['#earthy', '#spicy', '#resin', '#sweet', '#noble']",3.5-6.5%5% avg,2.5-3.5%3% avg,1:1 - 3:12:1 avg,25-30%27.5% avg,0.5-1 mL0.8mL avg,27-33%30% avg,34-38%36% avg,9-11%10% avg.,2-5%3.5% avg,13-28%,,28% (Good) 0.20-0.35
122,Styrian Kolibri,True,Aroma,Slovenia (SLO),KOL,,"['#elderflower', '#black_currant', '#green_tea', '#grass', '#cannabis', '#pineapple']",4-6%5% avg,2.8-5.4%4.1% avg,1:1 - 2:11:1 avg,21-25%23% avg,1.0-2.0 mL1.5mL avg,31-38%34.5% avg,16-21%18.5% avg,5-7%6% avg.,25-27%26% avg,7-23%,214/61 ,
123,Styrian Wolf,True,Dual,Slovenia (SLO),WLF,™ Slovenian Institute for Hop Research,"['#mango', '#passion_fruit', '#lemongrass', '#elderflower', '#violet', '#floral', '#fruity', '#coconut']",10-18.5%14.3% avg,2.1-6%4.1% avg,2:1 - 9:15:1 avg,22-23%22.5% avg,0.7-4.5 mL2.6mL avg,60-70%65% avg,5-9%7% avg,2-3%2.5% avg.,4-7%5.5% avg,11-29%,"74/134, HUL035",
124,African Queen,True,Dual,South Africa (SA),AFQ,,"['#citrus', '#dank', '#blueberry', '#stone_fruit', '#black_currant', '#gooseberry', '#bubblegum', '#cassis', '#lemongrass', '#chilies', '#gazpacho']",10-17%13.5% avg,3.9-6.2%5.1% avg,2:1 - 4:13:1 avg,22-30%26% avg,0.7-1.5 mL1.1mL avg,20-29%24.5% avg,21-30%25.5% avg,10-17%13.5% avg.,5-7%6% avg,17-44%,J17 or J-17-63,
125,Southern Aroma,True,Aroma,South Africa (SA),SAR,,"['#floral', '#hay', '#herbal', '#straw', '#noble', '#black_currant']",3.6-7.3%5.5% avg,5.4-6%5.7% avg,1:1 - 1:11:1 avg,19-25%22% avg,0.6-0.8 mL0.7mL avg,17-28%22.5% avg,22-23%22.5% avg,13-15%14% avg.,0-1%0.5% avg,33-48%,,
126,Southern Brewer,True,Bittering,South Africa (SA),,,"['#earthy', '#woody']",8-12%10% avg,2.5-5.0%3.8% avg,2:1 - 5:13:1 avg,38-41%39.5% avg,0.4-1.5 mL1mL avg,,,,,,,
127,Southern Dawn,True,Dual,South Africa (SA),SDA,,"['#quince', '#lemongrass', '#ginger', '#chamomile', '#strawberry', '#citrus', '#fruity', '#herbal', '#spicy']",11.2-13.5%12.4% avg,4.3-5.9%5.1% avg,2:1 - 3:13:1 avg,31-33%32% avg,0.6 mL0.6mL avg,22-45%33.5% avg,17-25%21% avg,8-11%9.5% avg.,4-10%7% avg,9-49%,,
128,Southern Passion,True,Aroma,South Africa (SA),SPN,,"['#passion_fruit', '#guava', '#floral', '#coconut', '#redberry', '#melon', '#guava']",11-14.2%12.6% avg,4.9-8%6.5% avg,1:1 - 3:12:1 avg,16-26%21% avg,0.7-1.3 mL1mL avg,20-55%37.5% avg,14-36%25% avg,8-13%10.5% avg.,1-3%2% avg,0-57%,,
129,Southern Promise,True,Dual,South Africa (SA),SPR,,"['#herbal', '#fruity', '#woody', '#berry', '#citrus', '#floral']",9.5-14.5%12% avg,3.6-5.8%4.7% avg,2:1 - 4:13:1 avg,20-22%21% avg,0.7-1.1 mL0.9mL avg,21-25%23% avg,23-27%25% avg,7-11%9% avg.,0-1%0.5% avg,36-49%,,
130,Southern Star,True,Dual,South Africa (SA),SST,,"['#quince', '#berry', '#floral', '#citrus', '#pineapple', '#tangerine', '#tropical_fruit', '#passion_fruit', '#pear', '#cassis', '#rose', '#orange', '#coffee']",12-18.6%15.3% avg,4-7.5%5.8% avg,2:1 - 5:13:1 avg,25-31%28% avg,1.4-1.7 mL1.6mL avg,32-38%35% avg,23-27%25% avg,10-14%12% avg.,8-12%10% avg,9-27%,,
131,Southern Sublime,True,Aroma,South Africa (SA),SSU,,"['#orange', '#plum', '#mango', '#dank', '#pungent', '#citrus']",10.8-13.4%12.1% avg,4.9%4.9% avg,INF:1 - 3:1INF:1 avg,26%26% avg,Unknown,49-51%50% avg,2-4%3% avg,5-7%6% avg.,0-1%0.5% avg,37-44%,N1/69,
132,Southern Tropic,True,Bittering,South Africa (SA),STC,,"['#melon', '#troical_fruit', '#guava', '#butterscotch', '#lemongrass', '#coconut', '#pungent', '#pineapple', '#bubblegum', '#citrus']",12.6-18.1%15.4% avg,5-6.5%5.8% avg,2:1 - 4:13:1 avg,26-30%28% avg,1.3 mL1.3mL avg,19-46%32.5% avg,14-40%27% avg,6-14%10% avg.,8-11%9.5% avg,0-53%,U1/108,
133,XJA2/436,True,Bittering,South Africa (SA),,,"['#lemon', '#zest', '#papaya', '#cataloupe', '#gooseberry', '#resin', '#citrus', '#blueberry']",11.5-16.4%14% avg,7.8-8.4%8.1% avg,1:1 - 2:12:1 avg,29-30%29.5% avg,1.1-1.7 mL1.4mL avg,18-30%24% avg,21-35%28% avg,11-13%12% avg.,8-18%13% avg,4-42%,,
134,Zagrava,True,Dual,Ukraine (UA),ZAG,,"['#herbal', '#spicy', '#fruity', '#floral']",4-7%5.5% avg,8-12%10% avg,0:1 - 1:11:1 avg,24-28%26% avg,2.0-3.0 mL2.5mL avg,30-50%40% avg,14-16%15% avg,7-8%7.5% avg.,12-18%15% avg,8-37%,,
135,Admiral,True,Bittering,United Kingdom (UK),ADM,,"['#orange', '#tea', '#fresh', '#pine', '#citrus', '#resin', '#herbal']",13-16.2%14.6% avg,4.8-6.1%5.5% avg,2:1 - 3:13:1 avg,37-45%41% avg,1-1.7 mL1.4mL avg,39-48%43.5% avg,23-26%24.5% avg,6-8%7% avg.,0-2%1% avg,16-32%,RH40,85% (Poor) 0.85
136,Archer,True,Aroma,United Kingdom (UK),ARC,® Charles Faram,"['#apricot', '#lime', '#floral', '#citrus', '#peach']",4-6%5% avg,2-3%2.5% avg,1:1 - 3:12:1 avg,32-38%35% avg,0.6-0.8 mL0.7mL avg,20-25%22.5% avg,26-30%28% avg,Unknown,0-1%0.5% avg,44-54%,,
137,Beata,True,Bittering,United Kingdom (UK),,,"['#almond', '#apricot', '#honey']",5-7%6% avg,9-11%10% avg,0:1 - 1:11:1 avg,23-28%25.5% avg,1-1.5 mL1.3mL avg,27-29%28% avg,4-8%6% avg,Unknown,0-1%0.5% avg,62-69%,,
138,Boadicea,True,Dual,United Kingdom (UK),BOA,,"['#floral', '#blossom', '#fruity']",7.5-10%8.8% avg,3.2-4.5%3.9% avg,2:1 - 3:12:1 avg,23-29%26% avg,1.3-2.2 mL1.8mL avg,30-40%35% avg,19-21%20% avg,15-19%17% avg.,0-5%2.5% avg,15-36%,OR423,
139,Bramling Cross,True,Dual,United Kingdom (UK),BRX,,"['#black_currant', '#loganberry', '#vanilla', '#lemon', '#spicy']",5-8%6.5% avg,2.3-3.2%2.8% avg,2:1 - 3:13:1 avg,33-35%34% avg,0.7-1.2 mL1mL avg,Unknown,Unknown,Unknown,Unknown,100-100%,OT 48,
140,Challenger,True,Dual,United Kingdom (UK),CHA,,"['#cedar', '#green_tea', '#fruity']",6.5-9%7.8% avg,3.0-4.5%3.8% avg,1:1 - 3:12:1 avg,20-25%22.5% avg,1.0-1.7  mL1.4mL avg,30-42%36% avg,24-26%25% avg,9-10%9.5% avg.,0-1%0.5% avg,21-37%,4/63/25,
141,Defender,True,Aroma,United Kingdom (UK),,,['#pleasant'],3.3-6%4.7% avg,1.1-2.5%1.8% avg,1:1 - 5:13:1 avg,23-32%27.5% avg,0.28-0.98 mL0.6mL avg,30-32%31% avg,34-36%35% avg,13-15%14% avg.,3-4%3.5% avg,13-20%,62053,41% (Poor) 0.41
142,East Kent Goldings,True,Bittering,United Kingdom (UK),EKG,,"['#lavender', '#honey', '#lemon', '#thyme', '#orange', '#grapefruit', '#floral']",4-6.5%5.3% avg,1.9-3.5%2.7% avg,1:1 - 3:12:1 avg,20-32%26% avg,0.4-1 mL0.7mL avg,29-31%30% avg,38-44%41% avg,12-16%14% avg.,0-1%0.5% avg,8-21%,,22% (Great) 0.22
143,Endeavour,True,Dual,United Kingdom (UK),END,,"['#black_currant', '#loganberry', '#spicy', '#grapefruit', '#lime']",5-10.6%7.8% avg,3.8-5.3%4.6% avg,1:1 - 3:12:1 avg,30-36%33% avg,1.1-1.8 mL1.5mL avg,27-37%32% avg,3-10%6.5% avg,Unknown,5-8%6.5% avg,45-65%,15/2,
144,Epic,True,Aroma,United Kingdom (UK),,,"['#fruity', '#berry', '#herbal']",3-5%4% avg,1.7-2.5%2.1% avg,1:1 - 3:12:1 avg,30-33%31.5% avg,0.4-0.8 mL0.6mL avg,11-12%11.5% avg,41-43%42% avg,1-2%1.5% avg.,1-2%1.5% avg,41-46%,,
145,First Gold,True,Dual,United Kingdom (UK),FGO,,"['#tangerine', '#apricot', '#magnolia', '#redberry', '#herbal', '#orange', '#herbal', '#spicy', '#floral']",5.6-10%7.8% avg,2.3-4.1%3.2% avg,1:1 - 4:13:1 avg,29-35%32% avg,0.7-1.5 mL1.1mL avg,24-28%26% avg,20-24%22% avg,6-7%6.5% avg.,2-4%3% avg,37-48%,S4,
146,Flyer,True,Dual,United Kingdom (UK),FLY,,"['#spicy', '#citrus', '#licorice', '#resin', '#caramel']",8.3-14.5%11.4% avg,4.1-6%5.1% avg,1:1 - 4:12:1 avg,26-35%30.5% avg,0.6 mL0.6mL avg,17-25%21% avg,22-23%22.5% avg,0-1%0.5% avg.,0-1%0.5% avg,50-61%,29/02/10,
147,Fuggle,True,Aroma,United Kingdom (UK),FUG,,"['#woody', '#grassy', '#mint', '#mild']",2.4-6.1%4.3% avg,2.1-3.5%2.8% avg,1:1 - 3:12:1 avg,25-32%28.5% avg,0.44-1 mL0.7mL avg,15-25%20% avg,30-40%35% avg,11-15%13% avg.,5-8%6.5% avg,12-39%,,
148,Godiva,True,Aroma,United Kingdom (UK),,™ Charles Faram,"['#spicy', '#tangerine', '#gooseberry', '#white_wine']",6-9%7.5% avg,1.9-3%2.5% avg,2:1 - 5:13:1 avg,25-29%27% avg,0.4-0.8 mL0.6mL avg,,,,,,,
149,Hallertau Taurus,True,Dual,United Kingdom (UK),HTU,,"['#chocolate', '#banana', '#spicy', '#pepper', '#curry', '#earthy']",12-17.9%15% avg,4-6%5% avg,2:1 - 4:13:1 avg,20-25%22.5% avg,0.9-1.5 mL1.2mL avg,29-31%30% avg,30-31%30.5% avg,7-9%8% avg.,0-1%0.5% avg,28-34%,88/55/13,35% (Fair) 0.3-0.4
150,Harlequin,True,Dual,United Kingdom (UK),,®  Charles Faram & Co,"['#passion_fruit', '#peach', '#pineapple']",9-12%10.5% avg,7-9%8% avg,1:1 - 2:11:1 avg,27-31%29% avg,1.0-1.6 mL1.3mL avg,59-61%60% avg,4-6%5% avg,Unknown,9-11%10% avg,22-28%,,
151,Herald,True,Dual,United Kingdom (UK),,,"['#orange', '#grapefruit', '#citrus', '#clean']",9-13%11% avg,4.5-5.5%5% avg,2:1 - 3:12:1 avg,35-37%36% avg,1-1.9 mL1.5mL avg,39-41%40% avg,14-16%15% avg,6-8%7% avg.,0-1%0.5% avg,34-41%,,
152,Jester,True,Dual,United Kingdom (UK),,,,7-9%8% avg,4-6%5% avg,1:1 - 2:12:1 avg,23-28%25.5% avg,0.6-1.2 mL0.9mL avg,,,,,,,
153,Minstrel,True,Dual,United Kingdom (UK),MIN,® Charles Faram & Co Ltd.,"['#herbal', '#spicy', '#berry', '#orange']",5-7%6% avg,3-3.5%3.3% avg,1:1 - 2:12:1 avg,22-26%24% avg,0.5-0.7 mL0.6mL avg,22-25%23.5% avg,1-4%2.5% avg,Unknown,7-9%8% avg,62-70%,,
154,Olicana,True,Dual,United Kingdom (UK),OLA,®  Charles Faram & Co,"['#grapefruit', '#mango', '#passion_fruit', '#floral']",7-9%8% avg,4-6%5% avg,1:1 - 2:12:1 avg,28-32%30% avg,0.5 mL0.5mL avg,19-20%19.5% avg,8-9%8.5% avg,Unknown,0-1%0.5% avg,70-73%,,
155,Omega,True,Aroma,United Kingdom (UK),,,,9-10%9.5% avg,3-4%3.5% avg,2:1 - 3:13:1 avg,29%29% avg,1.72 mL1.7mL avg,52-54%53% avg,16-18%17% avg,4-6%5% avg.,0-1%0.5% avg,21-28%,,22% (Great) 0.22
156,Phoenix,True,Dual,United Kingdom (UK),PHX,,"['#molasses', '#chocolate', '#spicy', '#floral', '#pine']",8-13.5%10.8% avg,3.3-5.5%4.4% avg,1:1 - 4:13:1 avg,24-33%28.5% avg,1.2-3 mL2.1mL avg,23-25%24% avg,29-31%30% avg,Unknown,1-2%1.5% avg,42-47%,TC105,
157,Pilgrim,True,Dual,United Kingdom (UK),PGM,,"['#fruity', '#spicy', '#lemon', '#grapefruit', '#citrus', '#pear', '#berry']",9-13%11% avg,4.2-5.5%4.9% avg,2:1 - 3:12:1 avg,36-38%37% avg,1-1.8 mL1.4mL avg,30-35%32.5% avg,21-25%23% avg,Unknown,0-1%0.5% avg,39-49%,P38,
158,Pilot,True,Bittering,United Kingdom (UK),PLT,,"['#lemon', '#spicy', '#marmalade']",8-11.5%9.8% avg,3.3-5%4.2% avg,2:1 - 3:13:1 avg,28-37%32.5% avg,0.8-1.4 mL1.1mL avg,35-40%37.5% avg,3-4%3.5% avg,Unknown,0-1%0.5% avg,55-62%,S24,
159,Pioneer,True,Dual,United Kingdom (UK),PIR,,"['#cedar', '#grapefruit', '#herbal', '#lemon', '#grapefruit', '#crisp', '#clean']",8-10.5%9.3% avg,3.5-4.5%4% avg,2:1 - 3:12:1 avg,36-40%38% avg,1-1.8 mL1.4mL avg,34-36%35% avg,18-25%21.5% avg,Unknown,0-1%0.5% avg,38-48%,W10,
160,Progress,True,Aroma,United Kingdom (UK),PRO,,"['#grassy', '#mint', '#sweet', '#honey', '#black_currant', '#fruity', '#floral']",5-7.5%6.3% avg,1.8-2.7%2.3% avg,2:1 - 4:13:1 avg,25-27%26% avg,0.5-0.8  mL0.7mL avg,25-30%27.5% avg,40-47%43.5% avg,12-15%13.5% avg.,0-1%0.5% avg,7-23%,,
161,Sovereign,True,Aroma,United Kingdom (UK),SOV,,"['#mint', '#fruity', '#floral', '#grassy', '#herbal', '#pear']",4.5-6.5%5.5% avg,2.1-3.1%2.6% avg,1:1 - 3:12:1 avg,26-30%28% avg,0.6-1.0  mL0.8mL avg,20-31%25.5% avg,20-27%23.5% avg,7-9%8% avg.,3-4%3.5% avg,29-50%,50/95/33,
162,Sussex,True,Aroma,United Kingdom (UK),SXH,,"['#earthy', '#grassy', '#mint', '#vanilla', '#citrus']",4.3-5.8%5.1% avg,2.4-3.2%2.8% avg,1:1 - 2:12:1 avg,29-32%30.5% avg,0.4-0.6 mL0.5mL avg,41-43%42% avg,22-24%23% avg,Unknown,0-1%0.5% avg,32-37%,,
163,Target,True,Bittering,United Kingdom (UK),TRG,,"['#citrus', '#marmalade', '#sage', '#spicy', '#pepper']",8.5-13.5%11% avg,4.3-5.7%5% avg,1:1 - 3:12:1 avg,35-40%37.5% avg,1.0-1.4  mL1.2mL avg,45-55%50% avg,17-23%20% avg,8-10%9% avg.,0-1%0.5% avg,11-30%,11/65/92,
164,Whitbread Golding Variety (WGV),True,Dual,United Kingdom (UK),WGV,,"['#earthy', '#floral', '#sweet_fruit', '#herbal']",5.4-7.7%6.6% avg,2-3.5%2.8% avg,2:1 - 4:13:1 avg,35-43%39% avg,0.8-1.2  mL1mL avg,19-27%23% avg,35-42%38.5% avg,11-15%13% avg.,1-2%1.5% avg,14-34%,,
165,Yeoman,True,Dual,United Kingdom (UK),,,"['#noble', '#citrus']",12-16%14% avg,4-5%4.5% avg,2:1 - 4:13:1 avg,25%25% avg,1.7-2.4 mL2.1mL avg,47-49%48% avg,19-21%20% avg,9-10%9.5% avg.,0-1%0.5% avg,19-25%,,
166,Adeena,True,Aroma,United States of America (USA),,™ ADHA,"['#herbal', '#spicy', '#floral', '#lemon', '#pine']",3.5-5.0%4.3% avg,3.0-4.0%3.5% avg,1:1 - 2:11:1 avg,34-38%36% avg,0.8-1.1 mL1mL avg,27-30%28.5% avg,31-45%38% avg,15-22%18.5% avg.,4-7%5.5% avg,0-23%,ADHA-1940,
167,Ahtanum,True,Aroma,United States of America (USA),AHT,® Yakima Chief Ranches,"['#citrus', '#grapefruit', '#geranium', '#pine', '#earthy', '#floral', '#cedar', '#lemon']",3.5-6.5%5% avg,4-6.5%5.3% avg,1:1 - 2:11:1 avg,30-35%32.5% avg,0.5-1.7 mL1.1mL avg,45-55%50% avg,15-22%18.5% avg,9-12%10.5% avg.,0-1%0.5% avg,10-31%,YCR 1 CV,70% (Poor) 0.70
168,Aloha Blend,True,Dual,United States of America (USA),,™ BarthHaas,"['#berry', '#black_currant', '#sweet_fruit']",8.8-10.3%9.6% avg,Unknown,,Unknown,1.5-2.2 mL1.9mL avg,,,,,,,
169,Altus,True,Aroma,United States of America (USA),,™ Hopsteiner,"['#resin', '#spicy', '#tangerine']",15-18.5%16.8% avg,4-5.2%4.6% avg,3:1 - 5:14:1 avg,26-29%27.5% avg,3-4.4 mL3.7mL avg,,,,,,07270,
170,Amarillo,True,Aroma,United States of America (USA),VG1,"® Virgil Gamache Farms, Inc.","['#floral', '#spicy', '#tropical_fruit', '#citrus', '#orange', '#lemon', '#melon', '#apricot', '#peach', '#grapefruit', '#dank']",7-11%9% avg,5.5-8%6.8% avg,1:1 - 2:11:1 avg,21-24%22.5% avg,1-2.3 mL1.7mL avg,40-50%45% avg,19-24%21.5% avg,7-10%8.5% avg.,6-9%7.5% avg,7-28%,VGXP01,32% (Fair) 0.279-0.36
171,Apollo,True,Bittering,United States of America (USA),APO,™ Hopsteiner,"['#citrus', '#grapefruit', '#orange', '#pine', '#resin', '#cannabis', '#lime', '#lemon', '#dank']",15-20.5%17.8% avg,5.5-8%6.8% avg,2:1 - 4:13:1 avg,23-28%25.5% avg,0.8-2.5 mL1.7mL avg,30-50%40% avg,20-35%27.5% avg,14-20%17% avg.,0-1%0.5% avg,0-36%,01051,15% (Great) 0.1-0.2
172,Aquila,True,Aroma,United States of America (USA),AQU,,,6.5-8.9%7.7% avg,3.0-4.9%4% avg,1:1 - 3:12:1 avg,46%46% avg,1.45 mL1.5mL avg,61-63%62% avg,1-3%2% avg,4-6%5% avg.,2-3%2.5% avg,25-32%,,60% (Poor) 0.6
173,Arcadian,True,Aroma,United States of America (USA),,™ Great Lake Hops,"['#floral', '#orange', '#tangerine']",9.8%9.8% avg,7.5%7.5% avg,,Unknown,Unknown,,,,,,,
174,Azacca,True,Dual,United States of America (USA),AZA,® American Dwarf Hop Association,"['#mango', '#papaya', '#orange', '#grapefruit', '#lemon', '#spicy', '#pineapple', '#grassy', '#tropical_fruit', '#citrus']",14-16%15% avg,4.0-5.5%4.8% avg,3:1 - 4:13:1 avg,38-45%41.5% avg,1.6-2.5  mL2.1mL avg,46-55%50.5% avg,14-18%16% avg,8-12%10% avg.,0-1%0.5% avg,14-32%,ADHA-483,24% (Good) 0.241
175,Banner,True,Bittering,United States of America (USA),BAN,,,8.4-13.1%10.8% avg,5.3-8%6.7% avg,1:1 - 2:12:1 avg,34%34% avg,2.17 mL2.2mL avg,,,,,,,57% (Poor) 0.57
176,Belma,True,Dual,United States of America (USA),BEL,"® Puterbaugh Farms, Hops Direct, LLC.","['#orange', '#melon', '#strawberry', '#pineapple', '#grapefruit', '#berry', '#citrus', '#tropical_fruit']",8.5-12.1%10.3% avg,4-8%6% avg,1:1 - 3:12:1 avg,Unknown,1-2.5 mL1.8mL avg,65-68%66.5% avg,Unknown,Unknown,Unknown,32-35%,,28% (Good) 0.275
177,Bergamot,True,Dual,United States of America (USA),,™ Great Lake Hops,"['#orange', '#mango', '#dank', '#cherry', '#zest', '#lemongrass', '#lime', '#juniper', '#tropical_fruit', '#pepper', '#floral']",8-10.7%9.4% avg,6-8.9%7.5% avg,1:1 - 2:11:1 avg,39-40%39.5% avg,2.27 mL2.3mL avg,44-45%44.5% avg,14-15%14.5% avg,9-10%9.5% avg.,0-1%0.5% avg,29-33%,GLH-7588,
178,Bianca,True,Aroma,United States of America (USA),,,,7-8%7.5% avg,3.4%3.4% avg,INF:1 - 2:1INF:1 avg,20-28%24% avg,0.6-1.0 mL0.8mL avg,Unknown,Unknown,Unknown,Unknown,100-100%,,
179,Bitter Gold,True,Dual,United States of America (USA),BIG,,"['#stone_fruit', '#tropical_fruit', '#pear', '#watermelon', '#grassy', '#grapefruit', '#floral']",12-18.8%15.4% avg,4.5-8%6.3% avg,2:1 - 4:13:1 avg,36-41%38.5% avg,0.8-3.9 mL2.4mL avg,45-68%56.5% avg,7-18%12.5% avg,7-11%9% avg.,0-2%1% avg,1-41%,7313-083,
180,Bravo,True,Bittering,United States of America (USA),BRO,™ Hopsteiner,"['#orange', '#vanilla', '#floral', '#lime', '#fruity']",13-18%15.5% avg,3-5.5%4.3% avg,2:1 - 6:14:1 avg,28-35%31.5% avg,1.6-3.5 mL2.6mL avg,25-60%42.5% avg,8-20%14% avg,6-8%7% avg.,0-1%0.5% avg,11-61%,01046,30% (Good) 0.30
181,Brewer's Gold (US),True,Bittering,United States of America (USA),BGO,,"['#black_currant', '#spicy']",8-11%9.5% avg,4-6.5%5.3% avg,1:1 - 3:12:1 avg,40-48%44% avg,1.5-3 mL2.3mL avg,40-60%50% avg,12-18%15% avg,8-12%10% avg.,0-1%0.5% avg,9-40%,C9a,
182,BRU-1,True,Aroma,United States of America (USA),BR1,™ Haas,"['#pineapple', '#green_fruit', '#fruity']",13-15%14% avg,8-10%9% avg,1:1 - 2:12:1 avg,35-37%36% avg,1.5-2 mL1.8mL avg,50-55%52.5% avg,7-8%7.5% avg,9-11%10% avg.,0-1%0.5% avg,25-34%,BRU-1,
183,Bullion,True,Dual,United States of America (USA),BUL,,"['#black_currant', '#spicy']",5.3-12.5%8.9% avg,4.5-6.5%5.5% avg,1:1 - 3:12:1 avg,47-50%48.5% avg,1.0-2 mL1.5mL avg,40-55%47.5% avg,15-25%20% avg,9-14%11.5% avg.,0-1%0.5% avg,5-36%,Q43,
184,Buzz Bullets,True,Dual,United States of America (USA),,,"['#citrus', '#floral']",8-10%9% avg,5-6%5.5% avg,1:1 - 2:12:1 avg,Unknown,Unknown,,,,,,,
185,Caliente,True,Dual,United States of America (USA),,,"['#citrus', '#peach', '#pine', '#stone_fruit', '#mandarin', '#lemon', '#zest']",14-16%15% avg,4.3%4.3% avg,INF:1 - 4:1INF:1 avg,35%35% avg,1.9 mL1.9mL avg,,,,,,,
186,Calypso,True,Dual,United States of America (USA),CPO,™ Hopsteiner,"['#fruity', '#apple', '#pear', '#stone_fruit', '#lime', '#citrus', '#peach']",12-16%14% avg,5-6%5.5% avg,2:1 - 3:13:1 avg,38-42%40% avg,1.5-2.5 mL2mL avg,30-45%37.5% avg,20-35%27.5% avg,9-15%12% avg.,0-1%0.5% avg,4-41%,#03129,33% (Fair) 0.30-0.35
187,Cascade,True,Dual,United States of America (USA),CAS,,"['#grapefruit', '#floral', '#spicy', '#citrus', '#pine']",5-9%7% avg,4.8-7.5%6.2% avg,1:1 - 2:11:1 avg,30-40%35% avg,0.7-2.5 mL1.6mL avg,45-60%52.5% avg,14-20%17% avg,5-9%7% avg.,6-9%7.5% avg,2-30%,USDA 56013,36% (Fair) 0.221-0.50
188,Cashmere,True,Dual,United States of America (USA),CMR,,"['#fruity', '#lemon', '#lime', '#peach', '#melon', '#coconut', '#lemongrass', '#candy', '#herbal']",7.7-9.1%8.4% avg,3.3-7.1%5.2% avg,1:1 - 3:12:1 avg,22-24%23% avg,1.2-1.4  mL1.3mL avg,39-42%40.5% avg,26-29%27.5% avg,11-13%12% avg.,0-1%0.5% avg,15-24%,,26% (Good) 0.25-0.265
189,Centennial,True,Dual,United States of America (USA),CEN,,"['#pine', '#citrus', '#floral', '#grapefruit', '#tangerine']",7-12%9.5% avg,3.5-5.5%4.5% avg,1:1 - 3:12:1 avg,23-30%26.5% avg,1-3 mL2mL avg,55-65%60% avg,10-20%15% avg,5-7%6% avg.,0-1%0.5% avg,7-30%,,29% (Good) 0.275-0.31
190,Chelan,True,Bittering,United States of America (USA),CHE,"™ John I Haas, Inc.","['#floral', '#citrus', '#fruity', '#mild']",12-15%13.5% avg,8.5-10%9.3% avg,1:1 - 2:11:1 avg,33-35%34% avg,1.5-1.9 mL1.7mL avg,45-55%50% avg,12-15%13.5% avg,9-12%10.5% avg.,0-1%0.5% avg,17-34%,H87203-1,
191,Chinook,True,Dual,United States of America (USA),CHI,,"['#pine', '#resin', '#grapefruit', '#spicy', '#dank', '#cannabis']",11.5-15%13.3% avg,3.0-4.0%3.5% avg,3:1 - 5:14:1 avg,27-35%31% avg,1-2.7 mL1.9mL avg,20-30%25% avg,18-24%21% avg,9-11%10% avg.,0-1%0.5% avg,34-53%,,29% (Good) 0.254-0.32
192,Citra,True,Dual,United States of America (USA),CIT,® Hop Breeding Company,"['#citrus', '#grapefruit', '#peach', '#melon', '#lime', '#floral', '#gooseberry', '#passion_fruit', '#lychee']",10-15%12.5% avg,3-4.5%3.8% avg,2:1 - 5:14:1 avg,20-35%27.5% avg,1.5-3 mL2.3mL avg,60-70%65% avg,7-13%10% avg,5-8%6.5% avg.,0-1%0.5% avg,8-28%,HBC 394,27% (Good) 0.25-0.281
193,Cluster,True,Dual,United States of America (USA),CLU,,"['#floral', '#earthy', '#sweet_fruit']",5.5-9%7.3% avg,4.5-6%5.3% avg,1:1 - 2:11:1 avg,33-43%38% avg,0.4-1 mL0.7mL avg,38-46%42% avg,15-20%17.5% avg,8-10%9% avg.,0-1%0.5% avg,23-39%,,
194,Columbia,True,Dual,United States of America (USA),CBA,,"['#pineapple', '#lemon', '#citrus', '#noble', '#pungent']",5-9%7% avg,3-4%3.5% avg,1:1 - 3:12:1 avg,40%40% avg,1.0-2.0 mL1.5mL avg,45-55%50% avg,15-19%17% avg,9-12%10.5% avg.,3-5%4% avg,9-28%,6761-61,
195,Columbus,True,Dual,United States of America (USA),CBS,,"['#earthy', '#black_pepper', '#licorice', '#curry', '#spicy', '#citrus', '#floral', '#pungent', '#dank', '#cannabis']",14-18%16% avg,4.5-6%5.3% avg,2:1 - 4:13:1 avg,28-35%31.5% avg,2.5-4.5 mL3.5mL avg,45-55%50% avg,9-14%11.5% avg,6-10%8% avg.,0-1%0.5% avg,20-40%,,45% (Poor) 0.40-0.50
196,Comet,True,Dual,United States of America (USA),COM,,"['#grassy', '#grapefruit', '#wild']",8-12.4%10.2% avg,3.0-6.1%4.6% avg,1:1 - 4:13:1 avg,34-45%39.5% avg,1.0-3.3 mL2.2mL avg,40-65%52.5% avg,1-2%1.5% avg,5-15%10% avg.,0-1%0.5% avg,17-54%,,33% (Fair) 0.326
197,Contessa,True,Bittering,United States of America (USA),,™ Hopsteiner,"['#green_tea', '#floral', '#lemongrass', '#pear']",3-5%4% avg,5-7.4%6.2% avg,0:1 - 1:11:1 avg,29-32%30.5% avg,0.8-1.9 mL1.4mL avg,,,,,,04190,
198,Crystal,True,Aroma,United States of America (USA),CRY,,"['#woody', '#floral', '#green', '#fruity', '#spicy', '#cinnamon', '#nutmeg', '#black_pepper']",2.8-6%4.4% avg,4.5-8.5%6.5% avg,0:1 - 1:11:1 avg,20-26%23% avg,0.8-2.3  mL1.6mL avg,30-55%42.5% avg,20-30%25% avg,5-12%8.5% avg.,0-1%0.5% avg,2-45%,,30% (Good) 0.251-0.35
199,CTZ,True,Dual,United States of America (USA),,,"['#black_pepper', '#licorice', '#curry', '#citrus', '#cannabis', '#dank']",14.5-17%15.8% avg,4.5-5.5%5% avg,3:1 - 4:13:1 avg,28-35%31.5% avg,2.5-4.5 mL3.5mL avg,45-55%50% avg,9-14%11.5% avg,6-10%8% avg.,0-1%0.5% avg,20-40%,,25% (Good) 0.249
200,Delta,True,Aroma,United States of America (USA),DEL,™ Hopsteiner,"['#citrus', '#melon', '#spicy']",5.5-7%6.3% avg,5.5-7%6.3% avg,1:1 - 1:11:1 avg,22-24%23% avg,0.5-1.1 mL0.8mL avg,25-40%32.5% avg,25-35%30% avg,9-15%12% avg.,0-1%0.5% avg,9-41%,04188,15% (Great) 0.10-0.20
201,Diamond Springs,True,Aroma,United States of America (USA),,™ Great Lake Hops,"['#citrus', '#lemon', '#mint']",4.83%4.8% avg,3.18%3.2% avg,,Unknown,Unknown,,,,,,,
202,Ekuanot,True,Aroma,United States of America (USA),EKU,® Yakima Chief Hops,"['#lemon', '#lime', '#orange', '#tropical_fruit', '#berry', '#papaya', '#apple', '#sage', '#eucalyptus', '#herbal', '#melon', '#citrus', '#guava']",13-15.5%14.3% avg,4-5.5%4.8% avg,2:1 - 4:13:1 avg,31-38%34.5% avg,2-4.5  mL3.3mL avg,30-45%37.5% avg,12-20%16% avg,8-12%10% avg.,0-1%0.5% avg,22-50%,HBC 366,
203,El Dorado,True,Dual,United States of America (USA),ELD,"® CLS Farms, LLC","['#fruity', '#tropical_fruit', '#pear', '#watermelon', '#candy', '#stone_fruit']",13-17%15% avg,6.4-8.0%7.2% avg,2:1 - 3:12:1 avg,28-33%30.5% avg,2.5-3.3 mL2.9mL avg,55-60%57.5% avg,10-15%12.5% avg,6-8%7% avg.,0-1%0.5% avg,16-29%,,36% (Fair) 0.327-0.40
204,Emerald Spire,True,Dual,United States of America (USA),,™ Great Lake Hops,"['#peach', '#fruity', '#white_wine', '#grapes', '#watermelon', '#bubble_gum', '#melon', '#honeydew']",8.6-13%10.8% avg,3.5-4.5%4% avg,2:1 - 4:13:1 avg,38-39%38.5% avg,1.55 mL1.6mL avg,36-37%36.5% avg,10-11%10.5% avg,7-8%7.5% avg.,0-1%0.5% avg,43-47%,GLH-8732,
205,Equinox,True,Aroma,United States of America (USA),,,,14.5-15.5%15% avg,4.5-5.5%5% avg,3:1 - 3:13:1 avg,32-38%35% avg,2.5-4.5 mL3.5mL avg,,,,,,,
206,Eroica,True,Bittering,United States of America (USA),ERO,,,7.3-14.9%11.1% avg,3-5.3%4.2% avg,1:1 - 5:13:1 avg,40%40% avg,0.8-1.3 mL1.1mL avg,55-65%60% avg,0-1%0.5% avg,7-13%10% avg.,0-1%0.5% avg,20-38%,,
207,Eureka,True,Dual,United States of America (USA),EUE,™ Hopsteiner,"['#herbal', '#dark_fruit', '#mint', '#citrus', '#peach', '#pine', '#stone_fruit', '#black_currant', '#mandarin', '#dank']",17-20%18.5% avg,4.5-6%5.3% avg,3:1 - 4:14:1 avg,27-30%28.5% avg,2.5-4.4 mL3.5mL avg,42-44%43% avg,29-30%29.5% avg,0-1%0.5% avg.,0-1%0.5% avg,24-29%,05256,
208,Evergreen Blend,True,Aroma,United States of America (USA),,™ BSG,"['#peach', '#apricot', '#lemon', '#green_tea', '#watermelon', '#tangerine']",7-7.5%7.3% avg,4.3-4.5%4.4% avg,2:1 - 2:12:1 avg,Unknown,1.2 mL1.2mL avg,30-32%31% avg,20-22%21% avg,10-12%11% avg.,1-3%2% avg,31-39%,,
209,Falconer's Flight,True,Aroma,United States of America (USA),,"® Hopunion, LLC.","['#tropical_fruit', '#floral', '#grapefruit', '#lemon', '#pine']",9.5-12%10.8% avg,4-5%4.5% avg,2:1 - 3:12:1 avg,20-29%24.5% avg,1.4-3 mL2.2mL avg,43-62%52.5% avg,11-17%14% avg,5-9%7% avg.,1-2%1.5% avg,10-40%,,28% (Good) 0.281
210,Falconer's Flight 7CS,True,Dual,United States of America (USA),,"® Hopunion, LLC.","['#fruity', '#citrus', '#spicy', '#earthy']",9-10.5%9.8% avg,4.7-5.1%4.9% avg,2:1 - 2:12:1 avg,48%48% avg,1.3-2 mL1.7mL avg,40-55%47.5% avg,13-18%15.5% avg,7-10%8.5% avg.,0-1%0.5% avg,16-40%,,
211,Fantasia Blend,True,Dual,United States of America (USA),,™ BarthHaas,"['#fruity', '#caramel', '#cream', '#noble', '#stone_fruit']",4.3-6.5%5.4% avg,Unknown,,Unknown,0.9-1.25 mL1.1mL avg,,,,,,,
212,Galena,True,Aroma,United States of America (USA),GAL,,"['#fruity', '#pear', '#pineapple', '#black_currant', '#grapefruit', '#lime', '#gooseberry', '#spicy', '#woody']",12-15.5%13.8% avg,7.2-8.7%8% avg,1:1 - 2:12:1 avg,36-40%38% avg,0.9-2.1 mL1.5mL avg,40-50%45% avg,11-17%14% avg,5-9%7% avg.,0-1%0.5% avg,23-44%,,23% (Fair) 0.232
213,Gemini,True,Dual,United States of America (USA),,™ Great Lake Hops,"['#honeydew', '#strawberry', '#eucalyptus', '#rosemary', '#fruit_punch', '#candy', '#mandarin', '#hay', '#black_tea']",6-10.4%8.2% avg,3-4.28%3.6% avg,1:1 - 3:12:1 avg,31-32%31.5% avg,1.12 mL1.1mL avg,32-33%32.5% avg,11-12%11.5% avg,4-5%4.5% avg.,0-1%0.5% avg,49-53%,GLH-8582,
214,Glacier,True,Dual,United States of America (USA),GLC,,"['#plum', '#blackberry', '#woody', '#cedar']",3.3-9.7%6.5% avg,5.4-10%7.7% avg,0:1 - 2:11:1 avg,11-16%13.5% avg,0.5-1.5 mL1mL avg,35-45%40% avg,25-35%30% avg,8-13%10.5% avg.,0-1%0.5% avg,6-32%,,24% (Good) 0.242
215,Golding,True,Aroma,United States of America (USA),GOL,,"['#floral', '#delicate', '#sweet']",4-6%5% avg,2-3%2.5% avg,1:1 - 3:12:1 avg,20%20% avg,0.4-1 mL0.7mL avg,25-35%30% avg,35-45%40% avg,13-16%14.5% avg.,0-1%0.5% avg,3-27%,,
216,Grungeist,True,Aroma,United States of America (USA),,,"['#kiwi', '#peach', '#passion_fruit', '#lemon', '#floral', '#lavender', '#zest']",2.9%2.9% avg,9%9% avg,,19.2%19.2% avg,1.2 mL1.2mL avg,,,,,,,
217,Hallertau (US),True,Aroma,United States of America (USA),HAL,,"['#slightly_spicy', '#floral', '#herbal']",3.5-6.5%5% avg,2.5-6.5%4.5% avg,1:1 - 3:12:1 avg,18-26%22% avg,0.6-1.5 mL1.1mL avg,35-44%39.5% avg,30-38%34% avg,10-12%11% avg.,0-1%0.5% avg,5-25%,,
218,Hartwick,True,Aroma,United States of America (USA),,™ Great Lake Hops,"['#pine', '#pineapple']",12.28%12.3% avg,5.77%5.8% avg,,Unknown,Unknown,,,,,,,
219,HBC 360,True,Dual,United States of America (USA),,Hop Breeding Company,"['#cherry', '#floral', '#herbal', '#citrus', '#raspberry', '#tropical_fruit', '#candy', '#fruity']",12-15%13.5% avg,5.5-6.3%5.9% avg,2:1 - 3:12:1 avg,23-26%24.5% avg,2.5-3.0 mL2.8mL avg,25-45%35% avg,15-20%17.5% avg,12-18%15% avg.,0-1%0.5% avg,16-48%,,
220,HBC 472,True,Aroma,United States of America (USA),,,"['#woody', '#earthy', '#floral', '#coconut', '#fruity', '#citrus', '#grapefruit', '#whiskey']",7-11%9% avg,7-9%8% avg,1:1 - 2:11:1 avg,44%44% avg,1.5-2.5 mL2mL avg,,,,,,,
221,HBC 692,True,Aroma,United States of America (USA),,,"['#grapefruit', '#floral', '#stone_fruit', '#potpourri', '#woody', '#cream', '#pine']",8.9-9.5%9.2% avg,8.3-10.2%9.3% avg,1:1 - 1:11:1 avg,Unknown,1.0-2.2 mL1.6mL avg,,,,,,,21% (Great) 0.198-0.229
222,Horizon,True,Dual,United States of America (USA),HOR,,"['#floral', '#citrus', '#spicy', '#floral']",8.8-16.5%12.7% avg,5.5-8.5%7% avg,1:1 - 3:12:1 avg,16-22%19% avg,0.5-2.5 mL1.5mL avg,45-70%57.5% avg,8-20%14% avg,8-14%11% avg.,3-5%4% avg,0-36%,7006-398,
223,Hydra,True,Dual,United States of America (USA),,™ Great Lake Hops,"['#citrus', '#tangerine', '#mandarin', '#zest', '#resin', '#lime', '#berry', '#peach', '#watermelon', '#rose', '#apricot', '#tropical_fruit']",10.5-13.7%12.1% avg,6.4-7.9%7.2% avg,1:1 - 2:12:1 avg,27-28%27.5% avg,1.9 mL1.9mL avg,54-55%54.5% avg,11-12%11.5% avg,8-9%8.5% avg.,0-1%0.5% avg,23-27%,GLH-74582,
224,Idaho 7,True,Aroma,United States of America (USA),ID7,™ Jackson Hop Farm,"['#black_currant', '#tropical_fruit', '#citrus', '#apricot', '#orange', '#grapefruit', '#papaya', '#resin', '#pine', '#floral', '#black_tea', '#earthy']",9.5-14.9%12.2% avg,3.5-5.0%4.3% avg,2:1 - 4:13:1 avg,30-40%35% avg,1.0-2.0 mL1.5mL avg,45-55%50% avg,10-20%15% avg,6-10%8% avg.,0-1%0.5% avg,14-39%,,
225,Idaho Gem,True,Dual,United States of America (USA),IDG,™ Gooding Farms,"['#pineapple', '#cherry', '#candied_fruit', '#herbal', '#spicy', '#mint', '#citrus', '#stone_fruit', '#redberry', '#mojito', '#sweet']",11-14%12.5% avg,5-7%6% avg,2:1 - 3:12:1 avg,40-45%42.5% avg,1.3-2.3 mL1.8mL avg,,,,,,,28% (Good) 0.276
226,Independence,True,Aroma,United States of America (USA),,Yakima Chief Hops,"['#floral', '#citrus', '#stone_fruit', '#herbal', '#tobacco', '#earthy', '#pine', '#grassy']",4.7%4.7% avg,1.5%1.5% avg,,20-21%20.5% avg,0.4 mL0.4mL avg,,,,,,,
227,Jarrylo,True,Dual,United States of America (USA),JAR,® American Dwarf Hop Association,"['#lemon', '#lime', '#orange', '#pear', '#spicy', '#banana', '#white_wine']",15-17%16% avg,6-7.5%6.8% avg,2:1 - 3:12:1 avg,34-37%35.5% avg,3.6-4.3 mL4mL avg,40-55%47.5% avg,15-18%16.5% avg,8-11%9.5% avg.,0-1%0.5% avg,15-37%,ADHA-881,
228,Lambic,True,Aroma,United States of America (USA),,,"['#grassy', '#spicy', '#woody']",1-2%1.5% avg,2.8-5%3.9% avg,0:1 - 1:10:1 avg,29-35%32% avg,0.8-1.2 mL1mL avg,,,,,,,
229,Lawton,True,Bittering,United States of America (USA),,™ Great Lake Hops,"['#pungent', '#woody', '#earthy', '#dank']",3.5-4.0%3.8% avg,3.0-3.2%3.1% avg,1:1 - 1:11:1 avg,Unknown,0.25 mL0.3mL avg,,,,,,,
230,Lemondrop,True,Aroma,United States of America (USA),LDP,™ Hopsteiner,"['#citrus', '#lemon', '#floral', '#mint', '#green_tea', '#melon']",5-7%6% avg,4-6%5% avg,1:1 - 2:11:1 avg,28-34%31% avg,0.8-2 mL1.4mL avg,45-47%46% avg,56-58%57% avg,9-10%9.5% avg.,6-7%6.5% avg,0--16%,01210,
231,Liberty,True,Bittering,United States of America (USA),LIB,,"['#noble', '#floral', '#herbal', '#spicy', '#delicate', '#citrus', '#lemon']",3-6.5%4.8% avg,3.0-4.0%3.5% avg,1:1 - 2:11:1 avg,22-30%26% avg,0.6-1.8  mL1.2mL avg,15-25%20% avg,35-45%40% avg,10-15%12.5% avg.,0-1%0.5% avg,14-40%,8303-117,
232,Loral,True,Aroma,United States of America (USA),LOR,® Hop Breeding Company,"['#floral', '#black_pepper', '#citrus', '#dark_fruit', '#fruity']",10-17%13.5% avg,1.5-6.5%4% avg,2:1 - 11:16:1 avg,20-24%22% avg,1.5-3.4 mL2.5mL avg,52-58%55% avg,17-18%17.5% avg,5-6%5.5% avg.,0-1%0.5% avg,17-26%,HBC 291,
233,Lotus,True,Aroma,United States of America (USA),LOT,™ Hopsteiner,"['#orange', '#vanilla', '#berry', '#tropical_fruit', '#cream']",13-17%15% avg,5-6%5.5% avg,2:1 - 3:13:1 avg,33-39%36% avg,1.5-2.5 mL2mL avg,25-35%30% avg,35-40%37.5% avg,Unknown,0-1%0.5% avg,24-40%,06297,
234,Mackinac,True,Aroma,United States of America (USA),,™ Great Lake Hops,"['#tropical_fruit', '#citrus', '#melon', '#papaya', '#spicy\u200b', '#floral', '#black_pepper']",9-14%11.5% avg,2.8-4%3.4% avg,2:1 - 5:14:1 avg,28-35%31.5% avg,1.5-2.2 mL1.9mL avg,15-17%16% avg,11-12%11.5% avg,4-5%4.5% avg.,1-2%1.5% avg,64-69%,,
235,Magnum (US),True,Bittering,United States of America (USA),HMG,,"['#floral', '#citrus', '#spicy', '#nutmeg', '#black_pepper']",10-16%13% avg,4.5-7%5.8% avg,1:1 - 4:12:1 avg,21-30%25.5% avg,1.6-3.0 mL2.3mL avg,30-45%37.5% avg,30-45%37.5% avg,8-12%10% avg.,0-1%0.5% avg,0-32%,,18% (Great) 0.15-0.20
236,Medusa,True,Aroma,United States of America (USA),MED,™ CLS Farms,"['#guava', '#melon', '#citrus', '#apricot', '#lemon', '#lime', '#alfalfa', '#peach']",3-5%4% avg,5-6.5%5.8% avg,0:1 - 1:11:1 avg,35-49%42% avg,0.4-0.7 mL0.6mL avg,54-55%54.5% avg,9-10%9.5% avg,13-14%13.5% avg.,1-2%1.5% avg,19-23%,,
237,Meridian,True,Aroma,United States of America (USA),MER,™ Indie Hops,"['#citrus', '#lemon', '#berry', '#tropical_fruit', '#mint', '#spearmint']",5-7%6% avg,6-9%7.5% avg,1:1 - 1:11:1 avg,45-50%47.5% avg,1-1.6 mL1.3mL avg,29-31%30% avg,7-9%8% avg,3-4%3.5% avg.,0-1%0.5% avg,55-61%,w12244,
238,Michigan Copper,True,Aroma,United States of America (USA),,™ Great Lake Hops,"['#hibiscus', '#floral', '#tropical_fruit', '#black_cherry', '#candy', '#resin', '#fruity']",8.8-11%9.9% avg,2-3.5%2.8% avg,3:1 - 6:14:1 avg,32-36%34% avg,1.15-2.7 mL1.9mL avg,42-44%43% avg,17-18%17.5% avg,7-8%7.5% avg.,0-1%0.5% avg,29-34%,,
239,Millennium,True,Bittering,United States of America (USA),MLM,,"['#pear', '#toffee', '#floral', '#resin', '#herbal']",14.5-18.5%16.5% avg,4.3-6.5%5.4% avg,2:1 - 4:13:1 avg,28-35%31.5% avg,1.5-3 mL2.3mL avg,35-55%45% avg,15-25%20% avg,8-10%9% avg.,0-1%0.5% avg,9-42%,,24% (Good) 0.24
240,Mosaic,True,Dual,United States of America (USA),MOS,® Hop Breeding Company,"['#blueberry', '#tropical_fruit', '#citrus', '#grassy', '#pine', '#spicy', '#tangerine', '#papaya', '#rose', '#earthy', '#blossom', '#bubblegum', '#grapefruit']",11.5-13.5%12.5% avg,3.2-3.9%3.6% avg,3:1 - 4:14:1 avg,24-26%25% avg,1.0-1.5  mL1.3mL avg,48-55%51.5% avg,10-15%12.5% avg,3-8%5.5% avg.,0-1%0.5% avg,21-39%,HBC 369,26% (Good) 0.25-0.277
241,Mount Hood,True,Aroma,United States of America (USA),MTH,,"['#noble', '#herbal', '#pungent', '#spicy']",3.9-8%6% avg,5-8%6.5% avg,0:1 - 2:11:1 avg,21-23%22% avg,1.2-1.7 mL1.5mL avg,30-40%35% avg,12-38%25% avg,7-16%11.5% avg.,0-1%0.5% avg,5-51%,,36% (Fair) 0.227-0.5
242,Mount Rainier,True,Dual,United States of America (USA),MTR,,"['#noble', '#licorice', '#floral', '#citrus', '#spicy']",5-9.4%7.2% avg,5-9.2%7.1% avg,1:1 - 2:11:1 avg,21-34%27.5% avg,0.2-3.9 mL2.1mL avg,58-59%58.5% avg,17-18%17.5% avg,7-8%7.5% avg.,0-1%0.5% avg,14-18%,,
243,Multihead,True,Aroma,United States of America (USA),,,"['#citrus', '#tropical_fruit', '#peach']",3.5-4.5%4% avg,5.5-8%6.8% avg,0:1 - 1:11:1 avg,45%45% avg,0.5-1.5 mL1mL avg,47-49%48% avg,Unknown,Unknown,Unknown,51-53%,,
244,Newport,True,Bittering,United States of America (USA),NWP,,"['#wine', '#balsamic', '#citrus', '#earthy']",10.5-17%13.8% avg,5.5-9.1%7.3% avg,1:1 - 3:12:1 avg,36-38%37% avg,1.3-3.6 mL2.5mL avg,45-55%50% avg,15-20%17.5% avg,7-11%9% avg.,0-1%0.5% avg,13-33%,,23% (Fair) 0.225
245,Nobility Blend,True,Dual,United States of America (USA),,™ BSG,"['#lemon', '#orange', '#lemongrass', '#green_tea', '#floral', '#spicy']",4.2-4.5%4.4% avg,4.9-5.3%5.1% avg,1:1 - 1:11:1 avg,27%27% avg,0.7 mL0.7mL avg,34-38%36% avg,22-23%22.5% avg,26-28%27% avg.,6-8%7% avg,3-12%,,
246,Northdown,True,Dual,United States of America (USA),NOR,,"['#floral', '#pine', '#cedar', '#berry', '#spicy']",7-10%8.5% avg,4-5.5%4.8% avg,1:1 - 3:12:1 avg,24-32%28% avg,1.2-2.5 mL1.9mL avg,23-29%26% avg,40-45%42.5% avg,13-17%15% avg.,0-1%0.5% avg,8-24%,1/61/55,
247,Northern Brewer (US),True,Bittering,United States of America (USA),NBR,,"['#pine', '#woody', '#mint', '#black_pepper']",7-10%8.5% avg,3-5.5%4.3% avg,1:1 - 3:12:1 avg,27-34%30.5% avg,1-2 mL1.5mL avg,35-45%40% avg,27-31%29% avg,11-15%13% avg.,0-1%0.5% avg,8-27%,WFB 135,
248,Nugget,True,Dual,United States of America (USA),NUG,,"['#herbal', '#citrus', '#ginger', '#pineapple', '#geranium', '#lychee', '#herbal', '#earthy', '#coconut']",9.5-16%12.8% avg,3.0-5.8%4.4% avg,2:1 - 5:13:1 avg,22-30%26% avg,0.9-3.3 mL2.1mL avg,48-59%53.5% avg,12-22%17% avg,7-10%8.5% avg.,0-1%0.5% avg,8-33%,7005-194,25% (Good) 0.2-0.3
249,Old Mission,True,Aroma,United States of America (USA),,,"['#citrus', '#pine', '#spicy', '#herbal', '#black_pepper', '#tart']",4.33%4.3% avg,3.7%3.7% avg,,Unknown,Unknown,,,,,,,
250,Olympic,True,Dual,United States of America (USA),OLC,,"['#citrus', '#spicy']",10.6-13.8%12.2% avg,3.8-6.1%5% avg,2:1 - 4:13:1 avg,31%31% avg,0.86-2.55 mL1.7mL avg,45-55%50% avg,9-13%11% avg,7-12%9.5% avg.,0-1%0.5% avg,19-39%,,
251,Pacific Crest,True,Aroma,United States of America (USA),,™ Yakima Chief Hops,"['#noble', '#tobacco', '#earthy', '#grassy', '#floral', '#spicy', '#herbal', '#pine']",3.9%3.9% avg,3.0%3% avg,,27%27% avg,0.5 mL0.5mL avg,,,,,,TRI2302 BLEND,
252,Pahto,True,Bittering,United States of America (USA),PAH,™ Hop Breeding Company,"['#neutral', '#herbal', '#earthy', '#clean', '#smooth']",17-20%18.5% avg,4.5-6%5.3% avg,3:1 - 4:14:1 avg,26-32%29% avg,1.0-2.5 mL1.8mL avg,58-72%65% avg,8-11%9.5% avg,3-6%4.5% avg.,0-1%0.5% avg,10-31%,HBC 682,
253,Palisade,True,Dual,United States of America (USA),PAL,® Yakima Chief Ranches,"['#orange', '#yogurt', '#honey', '#passion_fruit', '#apricot', '#floral', '#clean']",5.5-10%7.8% avg,5.5-8%6.8% avg,1:1 - 2:11:1 avg,24-29%26.5% avg,0.8-2.0 mL1.4mL avg,45-55%50% avg,10-20%15% avg,8-16%12% avg.,0-1%0.5% avg,8-37%,YCR 4,
254,Paradigm,True,Aroma,United States of America (USA),,™ Great Lakes Hops,"['#herbal', '#stone_fruit', '#tropical_fruit', '#spicy', '#melon', '#candy', '#dank', '#papaya', '#mint', '#pear', '#chamomile']",8-11.7%9.9% avg,3.9-6.3%5.1% avg,1:1 - 3:12:1 avg,34-35%34.5% avg,1.2-2.17 mL1.7mL avg,39-40%39.5% avg,4-5%4.5% avg,3-4%3.5% avg.,0-1%0.5% avg,50-54%,GLH-49584,
255,Pekko,True,Dual,United States of America (USA),PEK,® American Dwarf Hop Association,"['#pleasant', '#floral', '#citrus', '#mint', '#herbal', '#mellow', '#pineapple', '#thyme', '#cucumber', '#sage', '#lemon']",13-16%14.5% avg,3.5-4.3%3.9% avg,3:1 - 5:14:1 avg,27-30%28.5% avg,2.1-2.7 mL2.4mL avg,46-55%50.5% avg,12-15%13.5% avg,11-13%12% avg.,0-1%0.5% avg,16-31%,ADHA-871,
256,Perle (US),True,Dual,United States of America (USA),PER,,"['#slightly_spicy', '#herbal', '#floral']",4-9%6.5% avg,2.5-4.5%3.5% avg,1:1 - 4:12:1 avg,28-35%31.5% avg,0.5-2 mL1.3mL avg,30-45%37.5% avg,28-34%31% avg,12-16%14% avg.,0-1%0.5% avg,4-30%,66/13/13,
257,Petoskey,True,Aroma,United States of America (USA),,™ Great Lake Hops,"['#floral', '#pungent', '#pineapple']",12.1%12.1% avg,6.16%6.2% avg,,Unknown,Unknown,,,,,,,
258,Prussian,True,Aroma,United States of America (USA),,™ Great Lake Hops,"['#lemon', '#pine']",4.29%4.3% avg,2.73%2.7% avg,,Unknown,Unknown,,,,,,,
259,Saaz (US),True,Aroma,United States of America (USA),SAZ,,"['#slightly_spicy', '#earthy', '#noble']",3-4.5%3.8% avg,3-4.5%3.8% avg,1:1 - 2:11:1 avg,24-28%26% avg,0.5-1 mL0.8mL avg,25-30%27.5% avg,35-40%37.5% avg,9-11%10% avg.,9-13%11% avg,6-22%,,25% (Good) 0.25
260,Sabro,True,Aroma,United States of America (USA),SAB,™ Hop Breeding Company,"['#citrus', '#tangerine', '#coconut', '#tropical_fruit', '#stone_fruit', '#cedar', '#mint', '#cream', '#herbal']",12-17%14.5% avg,4.0-7.0%5.5% avg,2:1 - 4:13:1 avg,20-24%22% avg,1.8-3.5  mL2.7mL avg,50-68%59% avg,7-14%10.5% avg,7-11%9% avg.,0-1%0.5% avg,6-36%,HBC-438,24% (Good) 0.242
261,Samba,True,Aroma,United States of America (USA),,,"['#tropical_fruit', '#pineapple', '#mango', '#stone_fruit', '#candy', '#orange']",8-12%10% avg,4-6%5% avg,1:1 - 3:12:1 avg,28-32%30% avg,1.5-2.5 mL2mL avg,,,,,,,
262,Santiam,True,Aroma,United States of America (USA),SNT,,"['#floral', '#spicy', '#black_pepper']",5-8.5%6.8% avg,5.3-8.5%6.9% avg,1:1 - 2:11:1 avg,18-24%21% avg,1-2.2 mL1.6mL avg,15-25%20% avg,20-30%25% avg,6-9%7.5% avg.,14-18%16% avg,18-45%,,45% (Poor) 0.4-0.5
263,Satus,True,Bittering,United States of America (USA),SAT,® Yakima Chief Ranches,"['#citrus', '#clean']",12-14.5%13.3% avg,8.5-9%8.8% avg,1:1 - 2:12:1 avg,32-35%33.5% avg,1.5-2.8 mL2.2mL avg,40-45%42.5% avg,15-20%17.5% avg,7-10%8.5% avg.,0-1%0.5% avg,24-38%,YCR 7,
264,Saugatuck,True,Aroma,United States of America (USA),,™ Great Lake Hops,,5.4%5.4% avg,3.27%3.3% avg,,Unknown,Unknown,,,,,,,
265,Sequoia Blend,True,Aroma,United States of America (USA),,™ BSG,"['#mango', '#pineapple', '#pine']",9-12%10.5% avg,3.5-5.5%4.5% avg,2:1 - 3:13:1 avg,28-32%30% avg,1.5-2.5 mL2mL avg,55-65%60% avg,Unknown,5-9%7% avg.,12-20%16% avg,6-28%,HS-1228,
266,Shaddock,True,Aroma,United States of America (USA),,™ Great Lake Hops,"['#lime', '#grapefruit', '#onion', '#garlic']",4.96%5% avg,3.59%3.6% avg,,Unknown,Unknown,,,,,,,
267,Simcoe,True,Dual,United States of America (USA),SIM,® Yakima Valley Ranches,"['#fruity', '#earthy', '#grapefruit', '#passion_fruit', '#pine', '#berry', '#apricot', '#bubblegum', '#citrus']",11-15%13% avg,3-5%4% avg,2:1 - 5:14:1 avg,15-21%18% avg,0.8-3.2 mL2mL avg,40-50%45% avg,15-20%17.5% avg,8-14%11% avg.,0-1%0.5% avg,15-37%,YCR 14,27% (Good) 0.268
268,Sitiva Blend,True,Aroma,United States of America (USA),,™ BSG,"['#stone_fruit', '#floral', '#peach', '#lime']",7.2-7.6%7.4% avg,4.2-4.5%4.4% avg,2:1 - 2:12:1 avg,27-28%27.5% avg,0.9 mL0.9mL avg,50-58%54% avg,10-11%10.5% avg,Unknown,9-10%9.5% avg,21-31%,,
269,Sonnet,True,Aroma,United States of America (USA),SON,"® Virgil Gamache Farms, Inc.","['#honeysuckle', '#citrus', '#sweet', '#lemon', '#floral', '#earthy', '#grass', '#honey', '#oak']",2.6-7.4%5% avg,2-3.7%2.9% avg,1:1 - 4:12:1 avg,Unknown,0.2-1.0 mL0.6mL avg,,,,,,,
270,Sterling,True,Aroma,United States of America (USA),STR,,"['#noble', '#herbal', '#spicy', '#floral']",5.5-8.5%7% avg,4.0-6.0%5% avg,1:1 - 2:12:1 avg,22-28%25% avg,1-2 mL1.5mL avg,35-45%40% avg,16-18%17% avg,5-8%6.5% avg.,15-19%17% avg,10-29%,9043-52,27% (Good) 0.27
271,Sticky Fingers Blend,True,Dual,United States of America (USA),,,"['#fruity', '#earthy', '#spicy', '#dank']",11.92%11.9% avg,4.59%4.6% avg,,28-29%28.5% avg,0.84 mL0.8mL avg,,,,,,,34% (Fair) 0.339
272,Strata,True,Dual,United States of America (USA),STT,™ Indie Hops,"['#cannabis', '#grapefruit', '#passion_fruit', '#strawberry', '#dank', '#musty']",11-12.5%11.8% avg,5-7%6% avg,2:1 - 3:12:1 avg,21%21% avg,2.3-3.5 mL2.9mL avg,52-65%58.5% avg,22-30%26% avg,5-13%9% avg.,0-1%0.5% avg,0-21%,"X-331, OR91331",
273,Sultana (Denali),True,Dual,United States of America (USA),SUL,™ Hopsteiner,"['#pineapple', '#citrus', '#pine', '#spicy', '#lemon', '#tropical_fruit']",13-16%14.5% avg,3.5-7%5.3% avg,2:1 - 5:13:1 avg,22-26%24% avg,2.5-4.5 mL3.5mL avg,54-55%54.5% avg,15-17%16% avg,5-7%6% avg.,0-1%0.5% avg,20-26%,06277,
274,Summit,True,Bittering,United States of America (USA),SUM,™ American Dwarf Hop Association,"['#black_pepper', '#anise', '#incense', '#orange', '#grapefruit', '#tangerine', '#earthy', '#citrus', '#onion', '#garlic', '#dank', '#cannabis']",15-17.5%16.3% avg,4.0-6.5%5.3% avg,2:1 - 4:13:1 avg,26-33%29.5% avg,1.5-3 mL2.3mL avg,30-40%35% avg,18-22%20% avg,12-16%14% avg.,0-1%0.5% avg,21-40%,AD24-002 ,15% (Great) 0.15
275,Sun,True,Bittering,United States of America (USA),,Hopsteiner,['#herbal'],12-16%14% avg,4.5-7%5.8% avg,2:1 - 4:13:1 avg,30-40%35% avg,Unknown,,,,,,,
276,Super Galena,True,Bittering,United States of America (USA),SGA,™ Hopsteiner,"['#grassy', '#spicy', '#pear', '#pineapple', '#grapefruit', '#gooseberry', '#honey', '#juniper']",13-16%14.5% avg,8-10%9% avg,1:1 - 2:12:1 avg,35-40%37.5% avg,0.8-2.5 mL1.7mL avg,45-60%52.5% avg,Unknown,Unknown,Unknown,40-55%,99008,
277,Tahoma,True,Aroma,United States of America (USA),TAH,,"['#citrus', '#lemon', '#grapefruit', '#cedar', '#pine', '#spicy', '#orange', '#woody']",7-8.2%7.6% avg,8.5-9.5%9% avg,1:1 - 1:11:1 avg,15-17%16% avg,1-2 mL1.5mL avg,67-72%69.5% avg,9-11%10% avg,2-4%3% avg.,0-1%0.5% avg,12-22%,,31% (Fair) 0.307
278,Talisman,True,Dual,United States of America (USA),TLN,,,5.7-8%6.9% avg,2.8-3.6%3.2% avg,2:1 - 3:12:1 avg,53%53% avg,0.7 mL0.7mL avg,67-69%68% avg,3-5%4% avg,5-6%5.5% avg.,0-1%0.5% avg,19-25%,,
279,Talus,True,Aroma,United States of America (USA),,™ Hop Breeding Company,"['#grapefruit', '#citrus', '#rose', '#pine', '#resin', '#tropical_fruit', '#sage', '#potpourri', '#floral', '#cream', '#stone_fruit', '#woody']",8.1-9.5%8.8% avg,8.3-10.2%9.3% avg,1:1 - 1:11:1 avg,34-39%36.5% avg,1.0-2.7 mL1.9mL avg,40-50%45% avg,16-21%18.5% avg,9-13%11% avg.,0-1%0.5% avg,15-35%,HBC 692,
280,Teamaker,True,Aroma,United States of America (USA),,,"['#subtle', '#floral']",0.6-1.8%1.2% avg,5.4-13.2%9.3% avg,0:1 - 0:10:1 avg,Unknown,0.98 mL1mL avg,59-61%60% avg,1-2%1.5% avg,11-13%12% avg.,0-1%0.5% avg,23-29%,,
281,Tettnang (US),True,Aroma,United States of America (USA),TET,,"['#noble', '#spicy', '#grassy']",2.5-5.5%4% avg,3.0-5.0%4% avg,1:1 - 2:11:1 avg,20-28%24% avg,0.5-0.9  mL0.7mL avg,30-45%37.5% avg,18-23%20.5% avg,6-7%6.5% avg.,5-8%6.5% avg,17-41%,,
282,Tillicum,True,Bittering,United States of America (USA),TIL,"® John I. Haas, Inc.","['#stone_fruit', '#citrus']",13.5-15.5%14.5% avg,9.5-11.5%10.5% avg,1:1 - 2:11:1 avg,35%35% avg,1.5 mL1.5mL avg,39-41%40% avg,13-15%14% avg,7-8%7.5% avg.,0-1%0.5% avg,35-41%,H87207-2,
283,TNT Blend,True,Aroma,United States of America (USA),,™ BarthHaas,"['#fruity', '#citrus', '#green_fruit']",11.5-13%12.3% avg,Unknown,,Unknown,1.3-1.5 mL1.4mL avg,,,,,,,
284,Tomahawk,True,Dual,United States of America (USA),TOM,® Yakima Chief Hops,"['#citrus', '#black_pepper', '#licorice', '#curry', '#onion']",15-17.5%16.3% avg,4.5-6%5.3% avg,3:1 - 4:13:1 avg,28-35%31.5% avg,2.5-4.5 mL3.5mL avg,45-55%50% avg,9-14%11.5% avg,6-10%8% avg.,0-1%0.5% avg,20-40%,F10 CV,
285,Trident,True,Dual,United States of America (USA),,™ Hopsteiner,"['#fruity', '#citrus', '#tropical_fruit', '#passion_fruit']",11-14%12.5% avg,4-5%4.5% avg,2:1 - 4:13:1 avg,20-30%25% avg,1.5-3.0 mL2.3mL avg,,,,,,,
286,TriplePearl,True,Dual,United States of America (USA),TRP,,"['#orange', '#citrus', '#zest', '#melon', '#resin', '#spicy', '#black_pepper', '#sandalwood', '#cedar', '#floral']",10-11.2%10.6% avg,3.3-4.2%3.8% avg,2:1 - 3:13:1 avg,21-55%38% avg,0.8-1.8 mL1.3mL avg,39-55%47% avg,7-11%9% avg,3-5%4% avg.,0-1%0.5% avg,28-51%,,28% (Good) 0.280
287,Triumph,True,Dual,United States of America (USA),TRI,,"['#spicy', '#pine', '#orange', '#peach', '#lime', '#fruity', '#citrus']",9-12%10.5% avg,3-5%4% avg,2:1 - 4:13:1 avg,22-26%24% avg,0.8-1.8 mL1.3mL avg,25-40%32.5% avg,28-34%31% avg,8-10%9% avg.,0-1%0.5% avg,15-39%,USDA NUG-033,26% (Good) 0.26
288,Tropica,True,Dual,United States of America (USA),,,"['#pineapple', '#mandarin', '#orange', '#tropical_fruit', '#dank']",8.8%8.8% avg,3%3% avg,,Unknown,1.4 mL1.4mL avg,,,,,,,
289,Ultra,True,Aroma,United States of America (USA),ULT,,"['#mild', '#pleasant', '#floral']",3-9.7%6.4% avg,3.6-5%4.3% avg,1:1 - 3:12:1 avg,25-35%30% avg,0.8-1.5 mL1.2mL avg,50-60%55% avg,10-15%12.5% avg,6-9%7.5% avg.,0-1%0.5% avg,15-34%,,
290,Vanguard,True,Aroma,United States of America (USA),VAN,,"['#woody', '#tobacco', '#pleasant', '#grassy', '#cedar']",4-6.5%5.3% avg,5.5-7%6.3% avg,1:1 - 1:11:1 avg,14-20%17% avg,0.4-1 mL0.7mL avg,5-15%10% avg,49-55%52% avg,13-17%15% avg.,0-1%0.5% avg,12-33%,,
291,Walhalla,True,Aroma,United States of America (USA),,™ Great Lake Hops,"['#citrus', '#garlic', '#grassy', '#herbal']",5.97-10%8% avg,3.75-6%4.9% avg,1:1 - 3:12:1 avg,Unknown,Unknown,,,,,,,
292,Warrior,True,Dual,United States of America (USA),WAR,® Yakima Chief Ranches,"['#pine', '#mild', '#resin']",14.5-18%16.3% avg,4.3-6%5.2% avg,2:1 - 4:13:1 avg,22-26%24% avg,1-2.5 mL1.8mL avg,40-50%45% avg,15-18%16.5% avg,11-14%12.5% avg.,0-1%0.5% avg,17-34%,YCR 5,24% (Good) 0.24
293,Wild Wolf,True,Dual,United States of America (USA),,,"['#fruity', '#herbal', '#earthy']",8.25%8.3% avg,5.88%5.9% avg,,Unknown,0.32 mL0.3mL avg,,,,,,,30% (Good) 0.303
294,Willamette,True,Dual,United States of America (USA),WIL,,"['#citrus', '#incense', '#elderberry', '#caramel', '#curry', '#floral']",4-7.2%5.6% avg,3.0-4.5%3.8% avg,1:1 - 2:12:1 avg,28-35%31.5% avg,0.6-1.6   mL1.1mL avg,22-55%38.5% avg,20-35%27.5% avg,7-14%10.5% avg.,5-10%7.5% avg,0-46%,6761-117,38% (Fair) 0.35-0.40
295,X13459,True,Aroma,United States of America (USA),,™ Hopsteiner,"['#floral', '#tropical_fruit', '#peach', '#citrus', '#strawberry']",3.0-5.5%4.3% avg,4-5%4.5% avg,1:1 - 1:11:1 avg,21-24%22.5% avg,0.8-2.0 mL1.4mL avg,,,,,,X13459,
296,Yakima Cluster,True,Bittering,United States of America (USA),,,"['#earthy', '#floral', '#sweet', '#fruity']",4.4-9.8%7.1% avg,3-6.1%4.6% avg,1:1 - 3:12:1 avg,39-42%40.5% avg,0.24-0.9 mL0.6mL avg,45-55%50% avg,17-19%18% avg,6-7%6.5% avg.,0-1%0.5% avg,18-32%,USDA 65102,
297,Yakima Gold,True,Dual,United States of America (USA),YKG,,"['#smooth', '#grapefruit', '#lemon']",7-8%7.5% avg,3.5-4.5%4% avg,2:1 - 2:12:1 avg,21-23%22% avg,0.5-1.5 mL1mL avg,35-45%40% avg,18-24%21% avg,5-9%7% avg.,8-12%10% avg,10-34%,,32% (Fair) 0.316
298,Zamba Blend,True,Aroma,United States of America (USA),,™ BSG,"['#mango', '#stone_fruit', '#orange', '#tangerine', '#pineapple']",8-12%10% avg,4-6%5% avg,1:1 - 3:12:1 avg,28-32%30% avg,1.5-2.5 mL2mL avg,60-70%65% avg,9-13%11% avg,5-8%6.5% avg.,1-4%2.5% avg,5-25%,HS-1214,
299,Zappa,True,Aroma,United States of America (USA),ZAP,™ CLS Farms,"['#mint', '#savory', '#fruity', '#mango', '#passion_fruit', '#tropical_fruit', '#citrus', '#pine', '#spicy', '#fresh']",6-9%7.5% avg,8-9%8.5% avg,1:1 - 1:11:1 avg,40-45%42.5% avg,1.8-2.5 mL2.2mL avg,64-65%64.5% avg,4-5%4.5% avg,8-9%8.5% avg.,0-1%0.5% avg,20-24%,FZMR2,
300,Zenia,True,Dual,United States of America (USA),,Mighty Axe Hops,"['#dank', '#resin', '#orange', '#onion', '#citrus', '#fruity', '#pine', '#marmalade', '#garlic']",11-14%12.5% avg,4.4-5.1%4.8% avg,2:1 - 3:13:1 avg,Unknown,0.7-2.5 mL1.6mL avg,,,,,,,
301,Zenith,True,Bittering,United States of America (USA),,,"['#floral', '#citrus']",9-11%10% avg,3%3% avg,INF:1 - 4:1INF:1 avg,25%25% avg,1.8 mL1.8mL avg,51-53%52% avg,18-20%19% avg,6-7%6.5% avg.,0-1%0.5% avg,19-25%,,
302,Zeus,True,Bittering,United States of America (USA),ZEU,,"['#black_pepper', '#licorice', '#curry', '#pungent']",13-17.5%15.3% avg,4-6.5%5.3% avg,2:1 - 4:13:1 avg,28-40%34% avg,2.4-4.5 mL3.5mL avg,45-60%52.5% avg,9-18%13.5% avg,6-11%8.5% avg.,0-1%0.5% avg,10-40%,,48% (Poor) 0.48
303,Zythos,True,Dual,United States of America (USA),,® Hopunion,"['#tangerine', '#citrus', '#floral', '#pine', '#grapefruit', '#tropical_fruit']",10-12.5%11.3% avg,4.7-6.2%5.5% avg,2:1 - 3:12:1 avg,28-31%29.5% avg,0.7-1.2 mL1mL avg,30-50%40% avg,14-23%18.5% avg,7-10%8.5% avg.,1-3%2% avg,14-48%,,
